,user_id,region,device,channel,session_start,session_end,sessiondurationsec,session_date,month,day,hour_of_day,order_dt,revenue,payment_type,promo_code,time_of_day,payer,sum
0,529697267522,United States,iPhone,социальные сети,2019-05-01 00:06:40,2019-05-01 00:07:06,26.00000042002648,2019-05-01,5,3,0,2019-05-01 00:06:40,4999.0,Mobile payments,0.0,Ночь,yes,4999.0
1,601292388085,United States,PC,organic,2019-05-01 06:56:16,2019-05-01 07:09:18,781.9999998668209,2019-05-01,5,3,7,,0.0,,0.0,Утро,no,0.0
2,852898876338,United States,Mac,социальные сети,2019-05-01 04:30:45,2019-05-01 04:34:56,251.0000002104789,2019-05-01,5,3,4,,0.0,,0.0,Ночь,no,0.0
3,998513020664,United States,iPhone,социальные сети,2019-05-01 18:53:42,2019-05-01 18:57:35,232.99999977461997,2019-05-01,5,3,18,,0.0,,0.0,Вечер,no,0.0
4,240702200943,United States,Mac,социальные сети,2019-05-02 14:04:32,2019-05-02 14:09:51,318.9999997615814,2019-05-02,5,4,14,,0.0,,0.0,День,no,0.0
5,271758921583,United States,iPhone,социальные сети,2019-05-02 08:40:35,2019-05-02 08:41:15,39.99999992083758,2019-05-02,5,4,8,,0.0,,0.0,Утро,no,0.0
6,425357155257,United States,android,социальные сети,2019-05-02 16:32:29,2019-05-02 16:55:30,1380.999999702908,2019-05-02,5,4,16,,0.0,,0.0,День,no,0.0
7,768721432035,France,Mac,реклама у блогеров,2019-05-02 10:21:30,2019-05-02 10:51:54,1823.9999995334076,2019-05-02,5,4,10,,0.0,,0.0,День,no,0.0
8,177410811849,United States,android,социальные сети,2019-05-03 18:43:49,2019-05-03 19:30:52,2823.000000463798,2019-05-03,5,5,19,,0.0,,0.0,Вечер,no,0.0
9,337713702816,United States,iPhone,реклама у блогеров,2019-05-03 19:48:35,2019-05-03 20:16:10,1655.0000002607703,2019-05-03,5,5,20,,0.0,,0.0,Вечер,no,0.0
10,646967194055,Germany,PC,organic,2019-05-03 10:48:10,2019-05-03 11:12:32,1461.9999997783452,2019-05-03,5,5,11,,0.0,,0.0,День,no,0.0
11,690688816702,France,PC,organic,2019-05-03 07:58:24,2019-05-03 08:15:40,1036.000000149943,2019-05-03,5,5,8,,0.0,,0.0,Утро,no,0.0
12,819430452750,UК,PC,organic,2019-05-03 09:28:23,2019-05-03 09:41:51,807.9999996582046,2019-05-03,5,5,9,,0.0,,0.0,Утро,no,0.0
13,841208777989,United States,Mac,социальные сети,2019-05-03 22:19:03,2019-05-03 22:59:53,2450.000000023283,2019-05-03,5,5,22,,0.0,,0.0,Ночь,no,0.0
14,141158670001,Germany,android,контекстная реклама,2019-05-04 07:33:33,2019-05-04 07:54:23,1249.999999883585,2019-05-04,5,6,7,,0.0,,0.0,Утро,no,0.0
15,275047061155,United States,Mac,organic,2019-05-04 19:02:24,2019-05-04 19:36:31,2047.0000001136211,2019-05-04,5,6,19,,0.0,,0.0,Вечер,no,0.0
16,375412209113,United States,iPhone,organic,2019-05-04 08:37:20,2019-05-04 09:34:01,3400.999999791384,2019-05-04,5,6,9,,0.0,,0.0,Утро,no,0.0
17,247341796763,United States,android,социальные сети,2019-05-05 16:34:52,2019-05-05 16:41:52,420.0000001117587,2019-05-05,5,7,16,,0.0,,0.0,День,no,0.0
18,497724697381,United States,android,социальные сети,2019-05-05 21:04:51,2019-05-05 21:19:49,897.9999999515712,2019-05-05,5,7,21,,0.0,,0.0,Вечер,no,0.0
19,921538146366,United States,Mac,organic,2019-05-05 02:19:53,2019-05-05 03:07:46,2873.000000207685,2019-05-05,5,7,3,,0.0,,0.0,Ночь,no,0.0
20,771147371911,United States,android,organic,2019-05-06 15:49:16,2019-05-06 15:53:16,240.00000015366825,2019-05-06,5,1,15,2019-05-06 15:49:16,4999.0,Mobile payments,0.0,День,yes,4999.0
21,200229116069,United States,iPhone,социальные сети,2019-05-06 14:41:29,2019-05-06 15:03:05,1295.9999999497086,2019-05-06,5,1,15,,0.0,,0.0,День,no,0.0
22,211508838415,UК,PC,реклама у блогеров,2019-05-06 15:01:55,2019-05-06 15:01:58,3.000000072643161,2019-05-06,5,1,15,,0.0,,0.0,День,no,0.0
23,587910441297,United States,android,organic,2019-05-06 22:17:39,2019-05-07 00:23:00,7520.99999981001,2019-05-06,5,1,0,,0.0,,0.0,Ночь,no,0.0
24,777113558856,United States,PC,organic,2019-05-06 02:42:53,2019-05-06 02:57:32,878.999999910593,2019-05-06,5,1,2,,0.0,,0.0,Ночь,no,0.0
25,880458590199,United States,Mac,organic,2019-05-06 09:32:33,2019-05-06 09:37:03,269.9999996228144,2019-05-06,5,1,9,,0.0,,0.0,Утро,no,0.0
26,885616229665,Germany,Mac,email-рассылки,2019-05-06 17:57:38,2019-05-06 18:20:47,1388.9999996870756,2019-05-06,5,1,18,,0.0,,0.0,Вечер,no,0.0
27,4194358516,France,iPhone,organic,2019-05-07 20:04:41,2019-05-07 20:12:13,452.0000000484288,2019-05-07,5,2,20,,0.0,,0.0,Вечер,no,0.0
28,245941309860,Germany,Mac,organic,2019-05-07 12:00:49,2019-05-07 13:10:26,4177.000000141561,2019-05-07,5,2,13,2019-05-07 12:01:43,4999.0,Mobile payments,1.0,День,yes,4499.1
29,70714916898,United States,android,organic,2019-05-07 14:01:14,2019-05-07 14:26:18,1504.0000001667067,2019-05-07,5,2,14,,0.0,,0.0,День,no,0.0
30,13728932787,United States,iPhone,социальные сети,2019-05-08 14:16:46,2019-05-08 15:07:46,3059.999999916181,2019-05-08,5,3,15,,0.0,,0.0,День,no,0.0
31,406072666455,Germany,android,email-рассылки,2019-05-08 09:02:57,2019-05-08 10:04:07,3669.999999809079,2019-05-08,5,3,10,,0.0,,0.0,День,no,0.0
32,981311905633,UК,Mac,organic,2019-05-08 05:21:39,2019-05-08 05:24:49,189.9999997811392,2019-05-08,5,3,5,,0.0,,0.0,Ночь,no,0.0
33,25672200561,United States,android,organic,2019-05-09 16:40:44,2019-05-09 16:41:31,46.99999967124313,2019-05-09,5,4,16,2019-05-09 16:40:44,4999.0,Debit card,1.0,День,yes,4499.1
34,241867611399,United States,PC,социальные сети,2019-05-09 09:23:22,2019-05-09 09:28:28,305.99999986588955,2019-05-09,5,4,9,2019-05-09 09:23:24,4999.0,Mobile payments,0.0,Утро,yes,4999.0
35,125421727610,UК,PC,реклама у блогеров,2019-05-09 04:35:00,2019-05-09 08:01:28,1217.9999999469146,2019-05-09,5,4,8,,0.0,,0.0,Утро,no,0.0
36,956471045403,United States,iPhone,контекстная реклама,2019-05-09 07:47:12,2019-05-09 08:36:43,2970.9999998565763,2019-05-09,5,4,8,,0.0,,0.0,Утро,no,0.0
37,973850281461,United States,iPhone,organic,2019-05-09 21:21:03,2019-05-09 21:27:33,390.0000000139698,2019-05-09,5,4,21,,0.0,,0.0,Вечер,no,0.0
38,348173235158,United States,iPhone,социальные сети,2019-05-10 01:29:58,2019-05-10 01:59:15,1756.999999587424,2019-05-10,5,5,1,,0.0,,0.0,Ночь,no,0.0
39,686785591193,United States,iPhone,социальные сети,2019-05-10 21:50:52,2019-05-10 23:01:12,4220.000000135042,2019-05-10,5,5,23,,0.0,,0.0,Ночь,no,0.0
40,746492583622,United States,PC,organic,2019-05-10 03:01:14,2019-05-10 05:14:13,7979.000000003725,2019-05-10,5,5,5,,0.0,,0.0,Ночь,no,0.0
41,114514907499,United States,iPhone,organic,2019-05-11 04:21:37,2019-05-11 04:38:21,1004.0000002132728,2019-05-11,5,6,4,,0.0,,0.0,Ночь,no,0.0
42,279417011595,United States,iPhone,контекстная реклама,2019-05-11 22:03:54,2019-05-11 22:06:18,144.00000034365803,2019-05-11,5,6,22,,0.0,,0.0,Ночь,no,0.0
43,372799250782,United States,iPhone,organic,2019-05-11 05:03:02,2019-05-11 05:36:18,1996.000000135973,2019-05-11,5,6,5,,0.0,,0.0,Ночь,no,0.0
44,714021843538,France,PC,organic,2019-05-11 10:50:43,2019-05-11 11:00:00,557.0000000763685,2019-05-11,5,6,11,,0.0,,0.0,День,no,0.0
45,457197824245,United States,iPhone,реклама у блогеров,2019-05-12 07:50:12,2019-05-12 09:14:00,5028.000000421889,2019-05-12,5,7,9,2019-05-12 07:50:12,4999.0,E-wallet,0.0,Утро,yes,4999.0
46,137729174548,United States,PC,organic,2019-05-12 07:12:44,2019-05-12 07:29:23,999.0000003017484,2019-05-12,5,7,7,,0.0,,0.0,Утро,no,0.0
47,257431875921,United States,PC,organic,2019-05-12 01:48:49,2019-05-12 01:51:11,141.9999998761341,2019-05-12,5,7,1,,0.0,,0.0,Ночь,no,0.0
48,458409667434,France,PC,organic,2019-05-12 10:57:32,2019-05-12 11:52:35,3302.9999995138496,2019-05-12,5,7,11,,0.0,,0.0,День,no,0.0
49,427486793654,France,android,email-рассылки,2019-05-13 22:00:41,2019-05-13 22:11:13,632.0000000065193,2019-05-13,5,1,22,2019-05-13 22:00:41,5999.0,Debit card,0.0,Ночь,yes,5999.0
50,112770095523,United States,android,социальные сети,2019-05-13 07:35:32,2019-05-13 07:55:47,1214.9999998742717,2019-05-13,5,1,7,,0.0,,0.0,Утро,no,0.0
51,232772979528,United States,iPhone,organic,2019-05-13 10:20:29,2019-05-13 11:16:49,3379.9999999115244,2019-05-13,5,1,11,,0.0,,0.0,День,no,0.0
52,384716146775,United States,Mac,organic,2019-05-13 05:57:29,2019-05-13 06:20:20,1370.9999998798594,2019-05-13,5,1,6,,0.0,,0.0,Утро,no,0.0
53,352173573779,France,PC,organic,2019-05-14 06:32:03,2019-05-14 07:18:19,2776.000000163913,2019-05-14,5,2,7,2019-05-14 06:32:03,5999.0,Mobile payments,1.0,Утро,yes,5399.1
54,500294356863,United States,iPhone,organic,2019-05-14 20:23:19,2019-05-14 21:17:09,3230.0000000512227,2019-05-14,5,2,21,,0.0,,0.0,Вечер,no,0.0
55,649969085224,United States,PC,organic,2019-05-15 23:16:53,2019-05-15 23:28:04,670.9999996935949,2019-05-15,5,3,23,2019-05-15 23:16:53,4999.0,Cash,0.0,Ночь,yes,4999.0
56,777891466332,United States,iPhone,социальные сети,2019-05-15 15:52:06,2019-05-15 16:18:32,1585.999999847263,2019-05-15,5,3,16,2019-05-15 15:52:06,4999.0,Mobile payments,0.0,День,yes,4999.0
57,254782154776,United States,iPhone,organic,2019-05-15 15:26:37,2019-05-15 16:05:35,2338.000000244938,2019-05-15,5,3,16,,0.0,,0.0,День,no,0.0
58,593992527931,France,android,реклама у блогеров,2019-05-15 12:49:47,2019-05-15 12:58:55,548.0000004870817,2019-05-15,5,3,12,,0.0,,0.0,День,no,0.0
59,741977568304,France,PC,контекстная реклама,2019-05-15 20:18:19,2019-05-15 20:26:39,499.9999999534338,2019-05-15,5,3,20,,0.0,,0.0,Вечер,no,0.0
60,13847410062,United States,iPhone,organic,2019-05-16 01:05:25,2019-05-16 01:16:58,693.000000435859,2019-05-16,5,4,1,,0.0,,0.0,Ночь,no,0.0
61,139539333609,United States,android,organic,2019-05-16 03:22:58,2019-05-16 03:31:46,527.9999995836988,2019-05-16,5,4,3,2019-05-16 03:22:58,4999.0,Cash,0.0,Ночь,yes,4999.0
62,179216942325,France,android,organic,2019-05-16 05:53:45,2019-05-16 06:29:30,2145.0000003911555,2019-05-16,5,4,6,,0.0,,0.0,Утро,no,0.0
63,181149289915,United States,android,organic,2019-05-16 20:37:30,2019-05-16 21:46:16,4126.000000163913,2019-05-16,5,4,21,,0.0,,0.0,Вечер,no,0.0
64,334251228002,United States,iPhone,organic,2019-05-16 16:19:01,2019-05-16 17:01:31,2550.0000001396984,2019-05-16,5,4,17,,0.0,,0.0,Вечер,no,0.0
65,645760253621,Germany,android,контекстная реклама,2019-05-16 02:56:39,2019-05-16 03:03:31,412.0000001275912,2019-05-16,5,4,3,,0.0,,0.0,Ночь,no,0.0
66,31331676399,United States,iPhone,социальные сети,2019-05-17 05:28:35,2019-05-17 05:32:54,259.0000001946464,2019-05-17,5,5,5,,0.0,,0.0,Ночь,no,0.0
67,768710666,United States,iPhone,реклама у блогеров,2019-05-17 18:24:36,2019-05-17 18:28:05,208.9999998221174,2019-05-17,5,5,18,2019-05-17 18:24:36,4999.0,Mobile payments,0.8627150632632511,Вечер,yes,4567.728739874701
69,198751259615,United States,Mac,социальные сети,2019-05-17 17:04:13,2019-05-17 17:28:53,1479.9999995855617,2019-05-17,5,5,17,2019-05-17 17:04:13,5999.0,E-wallet,1.0,Вечер,yes,5399.1
70,529298747905,UК,PC,organic,2019-05-17 14:14:38,2019-05-17 15:05:17,3039.0000000363216,2019-05-17,5,5,15,2019-05-17 14:14:38,5999.0,Credit card,0.0,День,yes,5999.0
71,896145674221,Germany,PC,organic,2019-05-17 10:09:01,2019-05-17 10:11:36,155.0000004004687,2019-05-17,5,5,10,2019-05-17 10:09:01,4999.0,Debit card,0.0,День,yes,4999.0
72,926657821940,United States,android,реклама у блогеров,2019-05-17 13:04:08,2019-05-17 14:02:14,3486.000000173226,2019-05-17,5,5,14,2019-05-17 13:04:08,5999.0,Credit card,0.0,День,yes,5999.0
73,217575169777,United States,PC,социальные сети,2019-05-17 11:40:37,2019-05-17 12:56:09,4532.000000146218,2019-05-17,5,5,12,,0.0,,0.0,День,no,0.0
74,276073946763,United States,android,organic,2019-05-18 08:33:21,2019-05-18 09:19:54,2792.999999737367,2019-05-18,5,6,9,,0.0,,0.0,Утро,no,0.0
75,358784035832,UК,PC,organic,2019-05-18 00:59:57,2019-05-18 01:47:16,2839.0000004321337,2019-05-18,5,6,1,,0.0,,0.0,Ночь,no,0.0
76,540124242070,UК,PC,контекстная реклама,2019-05-18 06:10:12,2019-05-18 06:19:56,584.0000001015142,2019-05-18,5,6,6,,0.0,,0.0,Утро,no,0.0
77,615163651810,United States,Mac,социальные сети,2019-05-18 19:19:07,2019-05-18 20:16:05,3417.9999999934807,2019-05-18,5,6,20,,0.0,,0.0,Вечер,no,0.0
78,628579663918,United States,android,реклама у блогеров,2019-05-18 21:03:13,2019-05-18 21:22:07,1134.000000427477,2019-05-18,5,6,21,,0.0,,0.0,Вечер,no,0.0
79,937471466867,United States,android,социальные сети,2019-05-18 05:17:50,2019-05-18 05:19:43,113.0000000121072,2019-05-18,5,6,5,,0.0,,0.0,Ночь,no,0.0
80,126965572844,United States,Mac,organic,2019-05-19 06:14:19,2019-05-19 06:28:22,842.9999996675178,2019-05-19,5,7,6,,0.0,,0.0,Утро,no,0.0
81,365952514757,France,iPhone,реклама у блогеров,2019-05-19 19:25:04,2019-05-19 19:36:08,663.9999999431893,2019-05-19,5,7,19,,0.0,,0.0,Вечер,no,0.0
82,641347422979,United States,iPhone,organic,2019-05-19 04:44:04,2019-05-19 04:58:36,872.0000001601875,2019-05-19,5,7,4,,0.0,,0.0,Ночь,no,0.0
83,695708032102,United States,iPhone,organic,2019-05-19 14:25:59,2019-05-19 14:46:20,1221.0000000195578,2019-05-19,5,7,14,,0.0,,0.0,День,no,0.0
84,829170600288,United States,iPhone,organic,2019-05-19 16:11:56,2019-05-19 17:55:47,6231.000000005588,2019-05-19,5,7,17,,0.0,,0.0,Вечер,no,0.0
85,914471713918,United States,iPhone,социальные сети,2019-05-19 12:05:23,2019-05-19 12:30:47,1523.9999998128042,2019-05-19,5,7,12,,0.0,,0.0,День,no,0.0
86,929005071857,United States,Mac,organic,2019-05-19 07:20:12,2019-05-19 07:26:46,393.9999996917322,2019-05-19,5,7,7,,0.0,,0.0,Утро,no,0.0
87,8156227433,United States,android,organic,2019-05-20 15:59:34,2019-05-20 16:08:25,531.0000002849847,2019-05-20,5,1,16,,0.0,,0.0,День,no,0.0
88,114284489873,United States,iPhone,контекстная реклама,2019-05-20 16:55:50,2019-05-20 17:04:02,491.9999999692664,2019-05-20,5,1,17,2019-05-20 16:55:56,4999.0,Mobile payments,1.0,Вечер,yes,4499.1
89,453814074498,United States,iPhone,organic,2019-05-20 13:12:29,2019-05-20 13:23:39,670.0000000884756,2019-05-20,5,1,13,,0.0,,0.0,День,no,0.0
90,556437943322,United States,Mac,реклама у блогеров,2019-05-20 00:31:45,2019-05-20 00:36:13,267.9999997839332,2019-05-20,5,1,0,,0.0,,0.0,Ночь,no,0.0
91,683028086478,United States,PC,organic,2019-05-20 01:23:48,2019-05-20 01:41:51,1083.0000004498288,2019-05-20,5,1,1,,0.0,,0.0,Ночь,no,0.0
92,695754910374,France,PC,email-рассылки,2019-05-20 23:11:40,2019-05-20 23:42:30,1849.9999999534336,2019-05-20,5,1,23,,0.0,,0.0,Ночь,no,0.0
93,950184314235,United States,iPhone,organic,2019-05-20 17:17:52,2019-05-20 17:33:38,945.9999998565764,2019-05-20,5,1,17,,0.0,,0.0,Вечер,no,0.0
94,996178094379,United States,android,социальные сети,2019-05-20 13:55:06,2019-05-20 14:34:25,2359.000000124797,2019-05-20,5,1,14,,0.0,,0.0,День,no,0.0
95,94160026069,France,Mac,реклама у блогеров,2019-05-21 08:17:29,2019-05-21 08:24:15,405.99999998230487,2019-05-21,5,2,8,2019-05-21 08:17:29,4999.0,Mobile payments,0.0,Утро,yes,4999.0
96,422703292792,France,PC,organic,2019-05-21 14:19:29,2019-05-21 14:48:00,1711.000000149943,2019-05-21,5,2,14,2019-05-21 14:19:29,4999.0,Mobile payments,1.0,День,yes,4499.1
97,822055781011,United States,iPhone,реклама у блогеров,2019-05-21 05:50:33,2019-05-21 06:17:17,1603.999999654479,2019-05-21,5,2,6,2019-05-21 05:50:33,4999.0,Debit card,0.0,Утро,yes,4999.0
98,458076338649,United States,Mac,социальные сети,2019-05-22 21:13:06,2019-05-22 22:03:16,3009.999999543652,2019-05-22,5,3,22,2019-05-22 21:13:06,5999.0,Cash,1.0,Ночь,yes,5399.1
99,736692886284,United States,android,социальные сети,2019-05-22 14:13:40,2019-05-22 15:05:55,3134.999999846332,2019-05-22,5,3,15,2019-05-22 14:13:40,4999.0,Cash,0.0,День,yes,4999.0
100,744763558101,UК,PC,organic,2019-05-22 04:11:46,2019-05-22 04:26:58,912.0000000810252,2019-05-22,5,3,4,2019-05-22 04:11:46,4999.0,E-wallet,0.0,Ночь,yes,4999.0
101,334783148079,United States,android,organic,2019-05-22 04:30:51,2019-05-22 04:53:08,1337.000000104308,2019-05-22,5,3,4,,0.0,,0.0,Ночь,no,0.0
102,681992770861,United States,iPhone,социальные сети,2019-05-22 12:50:38,2019-05-22 12:56:02,324.0000003017485,2019-05-22,5,3,12,,0.0,,0.0,День,no,0.0
103,831218352018,France,android,organic,2019-05-22 17:33:14,2019-05-22 17:42:37,563.0000002216548,2019-05-22,5,3,17,,0.0,,0.0,Вечер,no,0.0
104,27837745289,United States,android,organic,2019-05-23 18:03:52,2019-05-23 18:47:27,2614.9999996181577,2019-05-23,5,4,18,2019-05-23 18:03:52,4999.0,Mobile payments,1.0,Вечер,yes,4499.1
105,363655370263,United States,iPhone,социальные сети,2019-05-23 13:41:25,2019-05-23 13:48:49,444.00000006426126,2019-05-23,5,4,13,2019-05-23 13:41:25,4999.0,E-wallet,1.0,День,yes,4499.1
106,906389111372,United States,Mac,социальные сети,2019-05-23 05:31:24,2019-05-23 05:35:01,216.9999998062849,2019-05-23,5,4,5,2019-05-23 05:31:24,4999.0,Cash,0.0,Ночь,yes,4999.0
107,462743681279,Germany,PC,organic,2019-05-23 19:17:50,2019-05-23 19:20:16,146.00000018253922,2019-05-23,5,4,19,,0.0,,0.0,Вечер,no,0.0
108,138526409077,United States,iPhone,реклама у блогеров,2019-05-24 13:19:44,2019-05-24 14:03:41,2636.999999731779,2019-05-24,5,5,14,2019-05-24 13:19:44,5999.0,Debit card,1.0,День,yes,5399.1
109,482967155247,United States,iPhone,organic,2019-05-24 07:01:00,2019-05-24 08:32:49,5508.999999705702,2019-05-24,5,5,8,2019-05-24 07:01:00,4999.0,Mobile payments,1.0,Утро,yes,4499.1
110,164750019154,France,android,organic,2019-05-24 21:05:04,2019-05-24 21:05:53,49.00000013876706,2019-05-24,5,5,21,,0.0,,0.0,Вечер,no,0.0
111,436378548453,United States,iPhone,organic,2019-05-25 07:50:08,2019-05-25 08:09:12,1143.999999621883,2019-05-25,5,6,8,,0.0,,0.0,Утро,no,0.0
112,489717450593,United States,android,социальные сети,2019-05-25 11:22:20,2019-05-25 11:44:21,1321.000000135973,2019-05-25,5,6,11,,0.0,,0.0,День,no,0.0
113,518675253366,United States,Mac,organic,2019-05-25 11:41:38,2019-05-25 11:46:13,275.00000016298145,2019-05-25,5,6,11,,0.0,,0.0,День,no,0.0
114,561337107403,UК,PC,email-рассылки,2019-05-25 20:16:44,2019-05-25 20:27:12,628.0000003287569,2019-05-25,5,6,20,,0.0,,0.0,Вечер,no,0.0
115,645592750033,United States,iPhone,organic,2019-05-25 06:27:57,2019-05-25 06:46:50,1133.000000193715,2019-05-25,5,6,6,,0.0,,0.0,Утро,no,0.0
116,722845192065,UК,Mac,organic,2019-05-25 15:43:29,2019-05-25 18:06:28,1217.9999999469146,2019-05-25,5,6,18,,0.0,,0.0,Вечер,no,0.0
117,732935353389,United States,iPhone,контекстная реклама,2019-05-25 06:07:50,2019-05-25 06:11:37,227.00000025797635,2019-05-25,5,6,6,,0.0,,0.0,Утро,no,0.0
118,779440786690,United States,iPhone,organic,2019-05-25 19:01:05,2019-05-25 19:50:01,2935.999999847263,2019-05-25,5,6,19,,0.0,,0.0,Вечер,no,0.0
119,788298923916,United States,PC,organic,2019-05-25 03:08:13,2019-05-25 03:09:18,65.0000001071021,2019-05-25,5,6,3,,0.0,,0.0,Ночь,no,0.0
120,914745447554,United States,Mac,социальные сети,2019-05-25 10:18:45,2019-05-25 10:25:43,418.0000002728775,2019-05-25,5,6,10,,0.0,,0.0,День,no,0.0
121,415784107646,UК,iPhone,organic,2019-05-26 16:35:57,2019-05-26 16:55:30,1173.000000114553,2019-05-26,5,7,16,,0.0,,0.0,День,no,0.0
122,435812559139,United States,iPhone,organic,2019-05-26 03:42:34,2019-05-26 04:00:41,1087.0000001275912,2019-05-26,5,7,4,,0.0,,0.0,Ночь,no,0.0
123,483295648877,United States,iPhone,organic,2019-05-26 10:11:22,2019-05-26 10:17:39,377.000000118278,2019-05-26,5,7,10,,0.0,,0.0,День,no,0.0
124,575036274562,United States,android,социальные сети,2019-05-26 09:28:02,2019-05-26 09:42:32,869.9999996926636,2019-05-26,5,7,9,,0.0,,0.0,Утро,no,0.0
125,937361963322,United States,PC,organic,2019-05-26 14:45:40,2019-05-26 15:03:05,1044.9999997392297,2019-05-26,5,7,15,,0.0,,0.0,День,no,0.0
126,314223492590,United States,iPhone,organic,2019-05-27 12:36:38,2019-05-27 15:34:14,1217.9999999469146,2019-05-27,5,1,15,2019-05-27 12:39:16,4999.0,Mobile payments,0.0,День,yes,4999.0
127,126139336635,United States,android,социальные сети,2019-05-27 00:29:03,2019-05-27 00:44:12,909.000000008382,2019-05-27,5,1,0,,0.0,,0.0,Ночь,no,0.0
128,194535925566,United States,Mac,organic,2019-05-27 05:32:05,2019-05-27 05:32:36,30.9999997029081,2019-05-27,5,1,5,,0.0,,0.0,Ночь,no,0.0
129,272692808148,United States,iPhone,социальные сети,2019-05-27 21:06:58,2019-05-27 22:29:20,4941.999999806285,2019-05-27,5,1,22,,0.0,,0.0,Ночь,no,0.0
130,482397556656,United States,iPhone,социальные сети,2019-05-27 06:28:03,2019-05-27 06:46:14,1090.9999998053536,2019-05-27,5,1,6,,0.0,,0.0,Утро,no,0.0
131,858558345097,United States,iPhone,organic,2019-05-27 11:35:04,2019-05-27 11:35:52,47.9999999050051,2019-05-27,5,1,11,,0.0,,0.0,День,no,0.0
132,981545240789,UК,iPhone,organic,2019-05-27 01:10:07,2019-05-27 01:27:39,1051.9999994896352,2019-05-27,5,1,1,,0.0,,0.0,Ночь,no,0.0
133,984446025705,Germany,PC,email-рассылки,2019-05-27 01:39:54,2019-05-27 02:38:07,3492.9999999236315,2019-05-27,5,1,2,,0.0,,0.0,Ночь,no,0.0
134,50814266498,United States,iPhone,социальные сети,2019-05-28 00:10:44,2019-05-28 00:14:50,245.9999996703118,2019-05-28,5,2,0,,0.0,,0.0,Ночь,no,0.0
135,249307297596,Germany,Mac,organic,2019-05-28 05:46:29,2019-05-28 05:58:56,746.9999998575076,2019-05-28,5,2,5,,0.0,,0.0,Ночь,no,0.0
136,362637125955,Germany,PC,organic,2019-05-28 07:38:48,2019-05-28 08:37:36,3527.999999932945,2019-05-28,5,2,8,,0.0,,0.0,Утро,no,0.0
137,386382688728,Germany,android,email-рассылки,2019-05-29 13:27:40,2019-05-29 13:28:59,79.00000023655593,2019-05-29,5,3,13,2019-05-29 13:27:40,4999.0,Cash,1.0,День,yes,4499.1
138,216044523192,United States,iPhone,социальные сети,2019-05-29 11:36:06,2019-05-29 11:44:31,504.9999998649582,2019-05-29,5,3,11,,0.0,,0.0,День,no,0.0
139,222836185876,United States,PC,социальные сети,2019-05-29 15:42:45,2019-05-29 16:39:49,3424.000000138767,2019-05-29,5,3,16,,0.0,,0.0,День,no,0.0
140,262754533907,United States,PC,organic,2019-05-29 05:23:55,2019-05-29 05:28:11,256.00000012200326,2019-05-29,5,3,5,,0.0,,0.0,Ночь,no,0.0
141,843905103853,United States,iPhone,социальные сети,2019-05-29 10:12:08,2019-05-29 11:14:12,3723.9999998593694,2019-05-29,5,3,11,,0.0,,0.0,День,no,0.0
142,925097249413,United States,iPhone,organic,2019-05-29 01:25:35,2019-05-29 01:38:40,784.999999939464,2019-05-29,5,3,1,,0.0,,0.0,Ночь,no,0.0
143,191284664462,United States,iPhone,социальные сети,2019-05-30 19:20:20,2019-05-30 19:36:55,994.9999999953434,2019-05-30,5,4,19,2019-05-30 19:20:20,4999.0,Mobile payments,1.0,Вечер,yes,4499.1
144,530624233697,United States,PC,социальные сети,2019-05-30 18:33:09,2019-05-30 18:43:44,635.0000000791624,2019-05-30,5,4,18,2019-05-30 18:33:09,4999.0,E-wallet,0.0,Вечер,yes,4999.0
145,263921338230,France,PC,organic,2019-05-31 21:09:21,2019-05-31 21:26:56,1055.0000001909211,2019-05-31,5,5,21,,0.0,,0.0,Вечер,no,0.0
146,690329897229,United States,Mac,organic,2019-05-31 20:26:54,2019-05-31 20:35:04,490.0000001303852,2019-05-31,5,5,20,,0.0,,0.0,Вечер,no,0.0
147,16479541708,UК,PC,реклама у блогеров,2019-06-01 15:50:02,2019-06-01 15:58:21,498.9999997196719,2019-06-01,6,6,15,,0.0,,0.0,День,no,0.0
148,35596255083,United States,iPhone,социальные сети,2019-06-01 09:17:22,2019-06-01 11:25:50,7707.999999518506,2019-06-01,6,6,11,,0.0,,0.0,День,no,0.0
149,150310697471,United States,Mac,социальные сети,2019-06-01 18:18:21,2019-06-01 19:27:35,4153.999999794178,2019-06-01,6,6,19,2019-06-01 18:18:21,5999.0,Cash,1.0,Вечер,yes,5399.1
150,155922019186,United States,PC,organic,2019-06-01 23:49:02,2019-06-02 00:10:23,1280.9999995864928,2019-06-01,6,6,0,2019-06-01 23:49:02,5999.0,Cash,1.0,Ночь,yes,5399.1
151,855844176400,United States,iPhone,organic,2019-06-01 05:19:24,2019-06-01 05:20:00,35.999999614432454,2019-06-01,6,6,5,2019-06-01 05:19:24,4999.0,Mobile payments,0.0,Ночь,yes,4999.0
152,765563659989,France,iPhone,organic,2019-06-01 10:34:54,2019-06-01 10:35:27,32.99999954178929,2019-06-01,6,6,10,,0.0,,0.0,День,no,0.0
153,471885340507,United States,iPhone,organic,2019-06-02 03:48:41,2019-06-02 04:44:52,3370.999999693595,2019-06-02,6,7,4,2019-06-02 03:48:41,4999.0,Cash,1.0,Ночь,yes,4499.1
154,961423590047,United States,PC,organic,2019-06-02 09:27:37,2019-06-02 09:35:17,460.0000000325963,2019-06-02,6,7,9,2019-06-02 09:27:37,4999.0,E-wallet,0.0,Утро,yes,4999.0
155,138612231406,United States,iPhone,социальные сети,2019-06-02 00:03:16,2019-06-02 00:27:41,1464.9999998509884,2019-06-02,6,7,0,,0.0,,0.0,Ночь,no,0.0
156,304224436839,UК,android,organic,2019-06-02 18:57:18,2019-06-02 19:26:40,1761.9999994989485,2019-06-02,6,7,19,,0.0,,0.0,Вечер,no,0.0
157,653462760786,United States,Mac,контекстная реклама,2019-06-02 00:37:26,2019-06-02 00:51:30,843.9999999012798,2019-06-02,6,7,0,,0.0,,0.0,Ночь,no,0.0
158,385496637809,United States,android,социальные сети,2019-06-03 17:16:40,2019-06-03 17:36:15,1174.999999953434,2019-06-03,6,1,17,2019-06-03 17:16:40,4999.0,Mobile payments,0.0,Вечер,yes,4999.0
159,426038065769,UК,PC,реклама у блогеров,2019-06-03 08:13:55,2019-06-03 08:24:06,611.0000001266599,2019-06-03,6,1,8,2019-06-03 08:14:00,4999.0,Credit card,0.0,Утро,yes,4999.0
160,855734414712,United States,iPhone,organic,2019-06-03 14:51:40,2019-06-03 14:54:59,198.99999999906868,2019-06-03,6,1,14,2019-06-03 14:51:40,4999.0,Mobile payments,0.0,День,yes,4999.0
161,996645978458,France,Mac,email-рассылки,2019-06-03 20:08:34,2019-06-03 20:09:46,71.99999985750765,2019-06-03,6,1,20,2019-06-03 20:08:34,5999.0,Cash,0.0,Вечер,yes,5999.0
162,163255326882,United States,PC,реклама у блогеров,2019-06-03 21:01:35,2019-06-03 21:40:04,2308.999999752268,2019-06-03,6,1,21,,0.0,,0.0,Вечер,no,0.0
163,509935101714,United States,PC,organic,2019-06-03 18:32:05,2019-06-03 18:41:53,588.0000004079193,2019-06-03,6,1,18,,0.0,,0.0,Вечер,no,0.0
164,634167957523,France,android,organic,2019-06-04 22:10:17,2019-06-04 23:29:44,4766.999999759719,2019-06-04,6,2,23,2019-06-04 22:10:17,5999.0,Cash,0.0,Ночь,yes,5999.0
165,679176482300,United States,Mac,реклама у блогеров,2019-06-05 11:15:33,2019-06-05 12:49:33,5639.9999995250255,2019-06-05,6,3,12,,0.0,,0.0,День,no,0.0
166,883944571095,United States,android,социальные сети,2019-06-05 05:09:50,2019-06-05 05:41:38,1908.0000003101304,2019-06-05,6,3,5,,0.0,,0.0,Ночь,no,0.0
167,931021486539,United States,PC,organic,2019-06-05 15:03:58,2019-06-05 15:15:45,707.0000005653128,2019-06-05,6,3,15,,0.0,,0.0,День,no,0.0
168,94037003731,United States,iPhone,социальные сети,2019-06-06 03:05:20,2019-06-06 03:45:23,2402.999999723397,2019-06-06,6,4,3,,0.0,,0.0,Ночь,no,0.0
169,67063006442,United States,Mac,organic,2019-06-06 07:08:26,2019-06-06 07:29:21,1255.0000004237518,2019-06-06,6,4,7,2019-06-06 07:08:26,4999.0,Cash,0.0,Утро,yes,4999.0
170,199220583494,France,PC,контекстная реклама,2019-06-06 06:49:13,2019-06-06 06:50:27,73.99999969638884,2019-06-06,6,4,6,,0.0,,0.0,Утро,no,0.0
171,427535919123,Germany,PC,контекстная реклама,2019-06-06 01:52:37,2019-06-06 02:07:32,895.0000005075708,2019-06-06,6,4,2,,0.0,,0.0,Ночь,no,0.0
172,862830885437,United States,iPhone,социальные сети,2019-06-06 23:18:23,2019-06-06 23:37:27,1143.999999621883,2019-06-06,6,4,23,,0.0,,0.0,Ночь,no,0.0
173,950378900300,United States,iPhone,социальные сети,2019-06-06 13:36:09,2019-06-06 13:42:31,382.0000000298023,2019-06-06,6,4,13,,0.0,,0.0,День,no,0.0
174,965069106536,United States,Mac,organic,2019-06-06 13:34:45,2019-06-06 14:44:51,4206.000000005588,2019-06-06,6,4,14,,0.0,,0.0,День,no,0.0
175,34819346453,United States,iPhone,социальные сети,2019-06-07 19:02:34,2019-06-07 19:06:58,264.0000001061708,2019-06-07,6,5,19,,0.0,,0.0,Вечер,no,0.0
176,59478686237,United States,iPhone,социальные сети,2019-06-07 06:48:30,2019-06-07 06:58:24,593.9999999245629,2019-06-07,6,5,6,,0.0,,0.0,Утро,no,0.0
177,738923853451,United States,PC,социальные сети,2019-06-07 07:42:22,2019-06-07 07:58:29,967.0000003650784,2019-06-07,6,5,7,2019-06-07 07:42:34,4999.0,Credit card,0.0,Утро,yes,4999.0
178,216348347833,United States,iPhone,социальные сети,2019-06-07 13:15:47,2019-06-07 14:59:20,6213.000000198372,2019-06-07,6,5,14,,0.0,,0.0,День,no,0.0
179,388601358509,Germany,PC,контекстная реклама,2019-06-07 17:22:11,2019-06-07 17:31:50,578.9999995613471,2019-06-07,6,5,17,,0.0,,0.0,Вечер,no,0.0
180,431840886728,United States,iPhone,organic,2019-06-07 16:31:35,2019-06-07 17:00:31,1735.9999997075647,2019-06-07,6,5,17,,0.0,,0.0,Вечер,no,0.0
181,666769940238,United States,iPhone,organic,2019-06-07 05:21:05,2019-06-07 06:00:51,2386.000000149943,2019-06-07,6,5,6,,0.0,,0.0,Утро,no,0.0
182,720221302283,United States,Mac,социальные сети,2019-06-07 15:15:45,2019-06-07 15:37:21,1295.9999999497086,2019-06-07,6,5,15,,0.0,,0.0,День,no,0.0
183,805836391720,United States,PC,социальные сети,2019-06-07 11:46:31,2019-06-07 12:04:19,1068.000000086613,2019-06-07,6,5,12,,0.0,,0.0,День,no,0.0
184,863190871622,United States,android,реклама у блогеров,2019-06-08 23:53:30,2019-06-08 23:57:09,219.00000027380884,2019-06-08,6,6,23,2019-06-08 23:53:32,4999.0,Credit card,0.0,Ночь,yes,4999.0
185,416793375604,United States,iPhone,социальные сети,2019-06-08 18:19:03,2019-06-08 19:34:09,4505.999999726191,2019-06-08,6,6,19,,0.0,,0.0,Вечер,no,0.0
186,938260058903,United States,android,социальные сети,2019-06-08 17:25:11,2019-06-08 17:43:37,1106.0000001685694,2019-06-08,6,6,17,,0.0,,0.0,Вечер,no,0.0
187,598764934987,United States,iPhone,organic,2019-06-09 00:02:28,2019-06-09 01:09:46,4037.9999997094274,2019-06-09,6,7,1,,0.0,,0.0,Ночь,no,0.0
188,611532033972,Germany,iPhone,реклама у блогеров,2019-06-09 22:34:12,2019-06-09 22:37:06,174.0000004414469,2019-06-09,6,7,22,,0.0,,0.0,Ночь,no,0.0
189,921426686591,United States,PC,organic,2019-06-09 13:37:44,2019-06-09 14:00:13,1349.0000003948808,2019-06-09,6,7,14,,0.0,,0.0,День,no,0.0
190,84932638087,Germany,iPhone,organic,2019-06-10 17:36:58,2019-06-10 17:38:26,87.99999982584268,2019-06-10,6,1,17,,0.0,,0.0,Вечер,no,0.0
191,806251552695,UК,PC,реклама у блогеров,2019-06-10 13:05:54,2019-06-10 13:30:18,1463.9999996172264,2019-06-10,6,1,13,2019-06-10 13:06:11,4999.0,Debit card,0.0,День,yes,4999.0
192,507049613977,United States,android,organic,2019-06-10 19:20:51,2019-06-10 20:14:06,3195.000000041909,2019-06-10,6,1,20,,0.0,,0.0,Вечер,no,0.0
193,569088782411,United States,android,социальные сети,2019-06-10 14:54:07,2019-06-10 15:08:13,846.0000003688037,2019-06-10,6,1,15,,0.0,,0.0,День,no,0.0
194,720808240477,United States,iPhone,organic,2019-06-10 13:01:36,2019-06-10 13:10:14,517.9999997606501,2019-06-10,6,1,13,,0.0,,0.0,День,no,0.0
195,134214602428,United States,android,социальные сети,2019-06-11 02:35:48,2019-06-11 03:45:47,4199.000000255182,2019-06-11,6,2,3,2019-06-11 02:35:48,4999.0,Mobile payments,1.0,Ночь,yes,4499.1
197,262776564104,Germany,android,реклама у блогеров,2019-06-11 07:29:21,2019-06-11 07:37:04,462.9999994765967,2019-06-11,6,2,7,2019-06-11 07:29:21,4999.0,Mobile payments,0.0,Утро,yes,4999.0
198,269908808806,United States,iPhone,социальные сети,2019-06-11 18:15:26,2019-06-11 18:24:30,543.9999995520338,2019-06-11,6,2,18,2019-06-11 18:15:26,4999.0,Debit card,1.0,Вечер,yes,4499.1
199,892665734409,United States,iPhone,социальные сети,2019-06-11 13:33:21,2019-06-11 14:22:07,2926.0000000242144,2019-06-11,6,2,14,2019-06-11 13:33:21,4999.0,Mobile payments,0.0,День,yes,4999.0
200,714643798116,Germany,android,organic,2019-06-11 01:28:42,2019-06-11 01:59:27,1845.0000000419093,2019-06-11,6,2,1,,0.0,,0.0,Ночь,no,0.0
201,160469952448,Germany,android,контекстная реклама,2019-06-12 23:57:21,2019-06-13 00:52:50,3328.999999933876,2019-06-12,6,3,0,2019-06-12 23:57:21,5999.0,Credit card,1.0,Ночь,yes,5399.1
202,644167552677,United States,iPhone,социальные сети,2019-06-12 23:11:24,2019-06-12 23:22:31,667.0000000158325,2019-06-12,6,3,23,2019-06-12 23:11:24,4999.0,E-wallet,0.0,Ночь,yes,4999.0
203,19995576304,France,iPhone,контекстная реклама,2019-06-13 16:12:24,2019-06-13 16:26:46,861.999999708496,2019-06-13,6,4,16,2019-06-13 16:12:24,5999.0,Mobile payments,0.0,День,yes,5999.0
204,45338571593,United States,iPhone,organic,2019-06-13 19:51:36,2019-06-13 20:44:55,3199.000000348314,2019-06-13,6,4,20,2019-06-13 19:51:36,4999.0,Mobile payments,1.0,Вечер,yes,4499.1
205,71585633472,United States,Mac,социальные сети,2019-06-13 18:03:42,2019-06-13 18:27:08,1406.0000005178154,2019-06-13,6,4,18,2019-06-13 18:03:42,4999.0,Debit card,1.0,Вечер,yes,4499.1
206,153891479761,UК,android,organic,2019-06-13 02:34:06,2019-06-13 04:30:17,6971.00000011269,2019-06-13,6,4,4,2019-06-13 02:34:06,5999.0,Credit card,1.0,Ночь,yes,5399.1
207,525642030893,United States,iPhone,социальные сети,2019-06-13 03:27:38,2019-06-13 03:41:46,848.0000002076849,2019-06-13,6,4,3,2019-06-13 03:27:38,5999.0,E-wallet,0.0,Ночь,yes,5999.0
208,588840798518,United States,Mac,organic,2019-06-13 07:50:01,2019-06-13 07:51:06,65.0000001071021,2019-06-13,6,4,7,2019-06-13 07:50:01,4999.0,Mobile payments,0.0,Утро,yes,4999.0
209,440897832952,United States,android,organic,2019-06-14 03:35:29,2019-06-14 05:18:45,6195.999999996275,2019-06-14,6,5,5,2019-06-14 03:35:29,4999.0,Mobile payments,1.0,Ночь,yes,4499.1
210,453757741263,France,android,реклама у блогеров,2019-06-14 16:40:00,2019-06-14 19:04:15,1217.9999999469146,2019-06-14,6,5,19,,0.0,,0.0,Вечер,no,0.0
211,887034858344,United States,PC,социальные сети,2019-06-14 10:00:54,2019-06-14 10:26:07,1513.0000003846362,2019-06-14,6,5,10,,0.0,,0.0,День,no,0.0
212,1669414933,UК,PC,контекстная реклама,2019-06-15 06:42:23,2019-06-15 06:53:33,670.0000000884756,2019-06-15,6,6,6,,0.0,,0.0,Утро,no,0.0
213,197459266992,United States,Mac,социальные сети,2019-06-15 03:52:58,2019-06-15 04:31:00,2282.000000355765,2019-06-15,6,6,4,,0.0,,0.0,Ночь,no,0.0
214,652940440512,France,iPhone,organic,2019-06-15 19:18:58,2019-06-15 19:24:08,310.0000001722947,2019-06-15,6,6,19,,0.0,,0.0,Вечер,no,0.0
215,404658130634,United States,iPhone,реклама у блогеров,2019-06-16 10:17:03,2019-06-16 11:00:50,2626.9999999087304,2019-06-16,6,7,11,,0.0,,0.0,День,no,0.0
216,939647950370,UК,android,organic,2019-06-16 05:41:41,2019-06-16 06:51:24,4182.999999658205,2019-06-16,6,7,6,,0.0,,0.0,Утро,no,0.0
217,556307939826,United States,iPhone,organic,2019-06-17 03:51:21,2019-06-17 03:58:51,450.0000002095476,2019-06-17,6,1,3,2019-06-17 03:51:24,4999.0,Debit card,0.0,Ночь,yes,4999.0
218,358108644342,United States,android,organic,2019-06-17 10:23:33,2019-06-17 10:25:37,124.00000006891788,2019-06-17,6,1,10,,0.0,,0.0,День,no,0.0
219,505009341391,United States,iPhone,organic,2019-06-18 01:15:59,2019-06-18 02:03:42,2862.999999755993,2019-06-18,6,2,2,2019-06-18 01:16:34,4999.0,Mobile payments,0.0,Ночь,yes,4999.0
220,338343388023,United States,PC,социальные сети,2019-06-18 15:23:56,2019-06-18 15:34:39,643.0000000633299,2019-06-18,6,2,15,,0.0,,0.0,День,no,0.0
221,405998735208,United States,Mac,organic,2019-06-18 05:06:38,2019-06-18 05:10:37,238.99999991990623,2019-06-18,6,2,5,,0.0,,0.0,Ночь,no,0.0
222,45032474786,Germany,android,organic,2019-06-19 10:24:40,2019-06-19 10:46:19,1299.0000000223515,2019-06-19,6,3,10,,0.0,,0.0,День,no,0.0
223,148334863331,United States,android,социальные сети,2019-06-19 14:22:16,2019-06-19 14:45:09,1372.9999997187406,2019-06-19,6,3,14,,0.0,,0.0,День,no,0.0
224,225070568352,United States,iPhone,социальные сети,2019-06-19 02:49:36,2019-06-19 03:00:41,665.0000001769513,2019-06-19,6,3,3,,0.0,,0.0,Ночь,no,0.0
225,490844809360,United States,android,социальные сети,2019-06-19 23:19:48,2019-06-20 00:39:07,4758.999999775551,2019-06-19,6,3,0,,0.0,,0.0,Ночь,no,0.0
226,707022634350,United States,android,organic,2019-06-19 07:33:18,2019-06-19 07:43:27,609.0000002877787,2019-06-19,6,3,7,,0.0,,0.0,Утро,no,0.0
227,167183665725,United States,android,социальные сети,2019-06-20 05:19:01,2019-06-20 05:31:04,723.0000005336478,2019-06-20,6,4,5,,0.0,,0.0,Ночь,no,0.0
228,326197980867,United States,Mac,социальные сети,2019-06-20 09:30:51,2019-06-20 10:02:25,1893.9999995520336,2019-06-20,6,4,10,2019-06-20 09:31:19,4999.0,E-wallet,0.0,День,yes,4999.0
229,344597882238,United States,PC,organic,2019-06-20 07:04:06,2019-06-20 07:23:39,1173.000000114553,2019-06-20,6,4,7,2019-06-20 07:04:24,4999.0,Cash,0.0,Утро,yes,4999.0
230,231190459603,France,android,контекстная реклама,2019-06-20 22:05:02,2019-06-20 22:47:29,2547.000000067055,2019-06-20,6,4,22,,0.0,,0.0,Ночь,no,0.0
231,824927060448,United States,iPhone,социальные сети,2019-06-20 00:50:05,2019-06-20 01:09:21,1155.9999999124557,2019-06-20,6,4,1,,0.0,,0.0,Ночь,no,0.0
232,984891908628,United States,android,социальные сети,2019-06-20 23:43:08,2019-06-20 23:46:15,187.0000003371388,2019-06-20,6,4,23,,0.0,,0.0,Ночь,no,0.0
233,161534292185,United States,iPhone,социальные сети,2019-06-21 00:52:09,2019-06-21 00:54:29,140.0000000372529,2019-06-21,6,5,0,,0.0,,0.0,Ночь,no,0.0
234,285207321582,United States,PC,organic,2019-06-21 16:24:35,2019-06-21 16:33:24,528.9999998174608,2019-06-21,6,5,16,2019-06-21 16:24:39,4999.0,Credit card,1.0,День,yes,4499.1
235,435862962776,United States,iPhone,социальные сети,2019-06-21 19:52:26,2019-06-21 20:04:56,750.0000005587935,2019-06-21,6,5,20,,0.0,,0.0,Вечер,no,0.0
236,943600299167,United States,android,реклама у блогеров,2019-06-21 14:16:32,2019-06-21 14:35:03,1111.0000000800935,2019-06-21,6,5,14,,0.0,,0.0,День,no,0.0
237,14504208550,Germany,iPhone,organic,2019-06-22 04:52:06,2019-06-22 05:31:33,2367.0000001089647,2019-06-22,6,6,5,,0.0,,0.0,Ночь,no,0.0
238,215650526068,UК,android,organic,2019-06-22 05:30:56,2019-06-22 06:18:03,2826.9999995129183,2019-06-22,6,6,6,,0.0,,0.0,Утро,no,0.0
239,217700626637,United States,iPhone,социальные сети,2019-06-22 20:33:59,2019-06-22 21:20:19,2780.000000470318,2019-06-22,6,6,21,,0.0,,0.0,Вечер,no,0.0
240,379592803450,France,Mac,контекстная реклама,2019-06-22 00:52:56,2019-06-22 00:57:47,291.0000001313165,2019-06-22,6,6,0,2019-06-22 00:52:58,4999.0,Cash,1.0,Ночь,yes,4499.1
241,778085213148,France,PC,контекстная реклама,2019-06-22 00:52:27,2019-06-22 01:05:57,810.0000001257285,2019-06-22,6,6,1,2019-06-22 00:52:34,4999.0,Credit card,0.0,Ночь,yes,4999.0
242,671455685169,United States,android,organic,2019-06-22 16:27:51,2019-06-22 16:28:28,36.99999984819442,2019-06-22,6,6,16,,0.0,,0.0,День,no,0.0
243,62189169990,United States,iPhone,organic,2019-06-23 09:36:44,2019-06-23 09:44:14,450.0000002095476,2019-06-23,6,7,9,,0.0,,0.0,Утро,no,0.0
244,144808909635,Germany,PC,organic,2019-06-23 18:10:17,2019-06-23 18:45:02,2084.999999566935,2019-06-23,6,7,18,,0.0,,0.0,Вечер,no,0.0
245,191355861347,United States,Mac,organic,2019-06-23 10:14:44,2019-06-23 11:34:05,4760.999999614432,2019-06-23,6,7,11,,0.0,,0.0,День,no,0.0
246,598603946874,United States,iPhone,organic,2019-06-23 18:28:32,2019-06-23 19:51:45,4993.000000412576,2019-06-23,6,7,19,2019-06-23 18:29:41,4999.0,E-wallet,0.0,Вечер,yes,4999.0
247,566646931044,UК,iPhone,organic,2019-06-23 09:01:45,2019-06-23 10:14:20,4355.00000026077,2019-06-23,6,7,10,,0.0,,0.0,День,no,0.0
248,705317879065,France,PC,контекстная реклама,2019-06-23 23:37:14,2019-06-24 00:34:36,3441.9999999459837,2019-06-23,6,7,0,,0.0,,0.0,Ночь,no,0.0
249,770248390387,UК,android,organic,2019-06-23 19:01:36,2019-06-23 19:02:09,32.99999954178929,2019-06-23,6,7,19,,0.0,,0.0,Вечер,no,0.0
250,852042825479,United States,Mac,социальные сети,2019-06-23 08:43:18,2019-06-23 09:05:18,1319.9999999022111,2019-06-23,6,7,9,,0.0,,0.0,Утро,no,0.0
251,962166838007,Germany,iPhone,organic,2019-06-23 01:27:57,2019-06-23 02:17:20,2962.999999872409,2019-06-23,6,7,2,,0.0,,0.0,Ночь,no,0.0
252,63599061646,Germany,Mac,контекстная реклама,2019-06-24 15:35:27,2019-06-24 15:48:39,792.0000003185123,2019-06-24,6,1,15,,0.0,,0.0,День,no,0.0
253,971601377702,United States,android,социальные сети,2019-06-24 18:55:43,2019-06-24 19:16:45,1262.000000174157,2019-06-24,6,1,19,2019-06-24 18:55:59,5999.0,Cash,0.0,Вечер,yes,5999.0
254,423390082731,United States,iPhone,социальные сети,2019-06-24 18:36:12,2019-06-24 21:02:35,1217.9999999469146,2019-06-24,6,1,21,,0.0,,0.0,Вечер,no,0.0
255,493399579444,UК,PC,реклама у блогеров,2019-06-24 22:33:08,2019-06-24 23:45:36,4347.999999881722,2019-06-24,6,1,23,,0.0,,0.0,Ночь,no,0.0
256,630566306460,United States,android,социальные сети,2019-06-24 23:19:45,2019-06-24 23:24:39,294.00000020395964,2019-06-24,6,1,23,,0.0,,0.0,Ночь,no,0.0
257,92014797334,Germany,Mac,контекстная реклама,2019-06-25 06:08:16,2019-06-25 06:32:16,1439.999999664724,2019-06-25,6,2,6,,0.0,,0.0,Утро,no,0.0
258,153141935711,United States,android,organic,2019-06-25 20:47:16,2019-06-25 21:09:49,1353.0000000726432,2019-06-25,6,2,21,,0.0,,0.0,Вечер,no,0.0
259,116279690520,Germany,PC,реклама у блогеров,2019-06-25 16:45:29,2019-06-25 16:47:22,113.0000000121072,2019-06-25,6,2,16,2019-06-25 16:45:29,5999.0,Cash,0.0,День,yes,5999.0
260,234905069276,UК,android,контекстная реклама,2019-06-25 07:44:24,2019-06-25 08:13:56,1771.99999995064,2019-06-25,6,2,8,2019-06-25 07:44:24,4999.0,E-wallet,1.0,Утро,yes,4499.1
261,246592931770,United States,android,социальные сети,2019-06-25 18:10:46,2019-06-25 18:27:38,1011.9999995687976,2019-06-25,6,2,18,,0.0,,0.0,Вечер,no,0.0
262,460709607188,United States,PC,organic,2019-06-25 08:00:57,2019-06-25 08:46:15,2718.000000435859,2019-06-25,6,2,8,2019-06-25 08:00:57,4999.0,Mobile payments,0.0,Утро,yes,4999.0
263,470782333023,UК,PC,контекстная реклама,2019-06-25 13:01:22,2019-06-25 13:17:50,987.9999996162952,2019-06-25,6,2,13,2019-06-25 13:01:22,5999.0,Cash,0.0,День,yes,5999.0
264,962321165266,UК,Mac,organic,2019-06-25 08:30:22,2019-06-25 10:39:31,7749.000000301748,2019-06-25,6,2,10,2019-06-25 08:30:22,5999.0,E-wallet,0.0,День,yes,5999.0
265,971961738449,United States,android,социальные сети,2019-06-25 16:15:59,2019-06-25 16:22:03,363.99999959394336,2019-06-25,6,2,16,2019-06-25 16:16:03,5999.0,E-wallet,0.0,День,yes,5999.0
266,905624947759,France,PC,organic,2019-06-25 23:25:18,2019-06-25 23:37:45,746.9999998575076,2019-06-25,6,2,23,,0.0,,0.0,Ночь,no,0.0
267,435948527185,France,PC,контекстная реклама,2019-06-26 18:11:30,2019-06-26 18:13:53,143.00000010989606,2019-06-26,6,3,18,2019-06-26 18:11:30,5999.0,Cash,0.0,Вечер,yes,5999.0
268,446752768306,Germany,PC,organic,2019-06-26 17:51:03,2019-06-26 18:32:12,2469.0000000642613,2019-06-26,6,3,18,2019-06-26 17:51:03,5999.0,Cash,0.0,Вечер,yes,5999.0
269,653722007367,France,Mac,контекстная реклама,2019-06-26 04:46:54,2019-06-26 04:52:39,345.0000001816079,2019-06-26,6,3,4,2019-06-26 04:46:54,4999.0,Mobile payments,0.0,Ночь,yes,4999.0
270,803761447982,Germany,android,organic,2019-06-26 22:14:53,2019-06-26 22:55:43,2450.000000023283,2019-06-26,6,3,22,2019-06-26 22:14:53,5999.0,Cash,0.0,Ночь,yes,5999.0
271,529528191647,Germany,PC,контекстная реклама,2019-06-26 04:37:23,2019-06-26 04:44:35,432.00000040233135,2019-06-26,6,3,4,,0.0,,0.0,Ночь,no,0.0
272,908594618106,United States,Mac,organic,2019-06-26 17:39:22,2019-06-26 17:50:10,647.9999999748543,2019-06-26,6,3,17,,0.0,,0.0,Вечер,no,0.0
273,985700502941,Germany,PC,контекстная реклама,2019-06-26 07:23:59,2019-06-26 07:39:58,959.0000003809108,2019-06-26,6,3,7,,0.0,,0.0,Утро,no,0.0
274,986008300917,Germany,android,контекстная реклама,2019-06-26 18:55:44,2019-06-26 19:41:17,2732.9999995417893,2019-06-26,6,3,19,,0.0,,0.0,Вечер,no,0.0
275,78198165744,UК,PC,контекстная реклама,2019-06-27 17:08:59,2019-06-27 17:45:34,2195.000000135042,2019-06-27,6,4,17,,0.0,,0.0,Вечер,no,0.0
276,223887921055,France,android,organic,2019-06-27 05:07:08,2019-06-27 05:33:23,1574.9999997904524,2019-06-27,6,4,5,,0.0,,0.0,Ночь,no,0.0
277,463783289437,United States,Mac,социальные сети,2019-06-27 02:21:59,2019-06-27 02:46:09,1450.000000116415,2019-06-27,6,4,2,,0.0,,0.0,Ночь,no,0.0
278,497132763431,Germany,PC,контекстная реклама,2019-06-27 22:42:27,2019-06-27 23:00:00,1053.00000035204,2019-06-27,6,4,23,,0.0,,0.0,Ночь,no,0.0
279,541449911887,United States,Mac,социальные сети,2019-06-27 20:40:57,2019-06-27 21:18:43,2265.9999997587875,2019-06-27,6,4,21,,0.0,,0.0,Вечер,no,0.0
280,574654262269,France,iPhone,контекстная реклама,2019-06-27 01:12:10,2019-06-27 01:51:02,2332.0000000996515,2019-06-27,6,4,1,,0.0,,0.0,Ночь,no,0.0
281,580754463035,UК,PC,контекстная реклама,2019-06-27 15:04:42,2019-06-27 15:15:22,639.9999999906868,2019-06-27,6,4,15,,0.0,,0.0,День,no,0.0
282,778641898334,United States,android,социальные сети,2019-06-27 15:15:58,2019-06-27 15:49:46,2028.0000000726432,2019-06-27,6,4,15,,0.0,,0.0,День,no,0.0
283,945365457169,United States,PC,organic,2019-06-27 09:42:14,2019-06-27 10:04:22,1327.9999998863786,2019-06-27,6,4,10,,0.0,,0.0,День,no,0.0
284,43246225230,United States,iPhone,organic,2019-06-28 05:02:45,2019-06-28 05:37:32,2087.000000034459,2019-06-28,6,5,5,,0.0,,0.0,Ночь,no,0.0
285,127118189446,United States,iPhone,organic,2019-06-28 09:44:49,2019-06-28 09:45:30,41.00000015459955,2019-06-28,6,5,9,,0.0,,0.0,Утро,no,0.0
286,87458247642,UК,Mac,контекстная реклама,2019-06-28 16:55:35,2019-06-28 17:22:30,1615.0000003399327,2019-06-28,6,5,17,2019-06-28 16:55:52,4999.0,E-wallet,0.0,Вечер,yes,4999.0
287,324558127766,United States,android,социальные сети,2019-06-28 00:39:02,2019-06-28 02:34:25,6923.000000207685,2019-06-28,6,5,2,2019-06-26 07:23:59,4999.0,E-wallet,1.0,Ночь,yes,4499.1
288,351055469744,United States,iPhone,социальные сети,2019-06-28 02:45:21,2019-06-28 03:13:42,1700.9999996982517,2019-06-28,6,5,3,,0.0,,0.0,Ночь,no,0.0
289,784827654174,UК,PC,organic,2019-06-28 08:40:43,2019-06-28 11:29:37,1217.9999999469146,2019-06-28,6,5,11,,0.0,,0.0,День,no,0.0
290,216414269770,United States,iPhone,organic,2019-06-29 04:41:51,2019-06-29 04:45:14,202.99999967683107,2019-06-29,6,6,4,,0.0,,0.0,Ночь,no,0.0
291,560039764894,United States,iPhone,organic,2019-06-29 06:41:06,2019-06-29 07:01:12,1206.0000002849847,2019-06-29,6,6,7,,0.0,,0.0,Утро,no,0.0
292,626358810945,United States,Mac,социальные сети,2019-06-29 14:01:41,2019-06-29 14:27:15,1534.0000002644956,2019-06-29,6,6,14,,0.0,,0.0,День,no,0.0
293,690016644539,France,android,контекстная реклама,2019-06-29 05:42:26,2019-06-29 06:09:12,1606.0000001220033,2019-06-29,6,6,6,,0.0,,0.0,Утро,no,0.0
294,825018278939,United States,android,социальные сети,2019-06-29 11:59:40,2019-06-29 13:02:04,3744.0000001341114,2019-06-29,6,6,13,,0.0,,0.0,День,no,0.0
295,74843425432,UК,android,контекстная реклама,2019-06-30 20:17:24,2019-06-30 20:21:44,260.0000004284084,2019-06-30,6,7,20,,0.0,,0.0,Вечер,no,0.0
296,148734740476,United States,iPhone,социальные сети,2019-06-30 12:34:53,2019-06-30 12:49:39,885.9999996609986,2019-06-30,6,7,12,,0.0,,0.0,День,no,0.0
297,165838075808,United States,iPhone,социальные сети,2019-06-30 05:48:25,2019-06-30 06:02:49,864.00000017602,2019-06-30,6,7,6,,0.0,,0.0,Утро,no,0.0
298,525180391737,United States,android,социальные сети,2019-06-30 21:22:37,2019-06-30 23:54:15,1217.9999999469146,2019-06-30,6,7,23,2019-06-30 21:24:46,4999.0,E-wallet,0.0,Ночь,yes,4999.0
299,397879704040,United States,Mac,organic,2019-06-30 20:29:39,2019-06-30 21:22:22,3163.0000001052395,2019-06-30,6,7,21,,0.0,,0.0,Вечер,no,0.0
300,434852403169,United States,android,социальные сети,2019-06-30 21:49:37,2019-06-30 21:53:20,222.99999995157123,2019-06-30,6,7,21,,0.0,,0.0,Вечер,no,0.0
301,813911122639,Germany,Mac,контекстная реклама,2019-06-30 02:43:05,2019-06-30 03:47:31,3866.000000364147,2019-06-30,6,7,3,,0.0,,0.0,Ночь,no,0.0
302,115469983004,United States,android,социальные сети,2019-07-01 12:45:36,2019-07-01 13:30:11,2674.9999998137355,2019-07-01,7,1,13,2019-07-01 12:45:36,4999.0,Mobile payments,1.0,День,yes,4499.1
303,434852403169,United States,android,социальные сети,2019-07-01 07:36:39,2019-07-01 07:52:15,936.0000000335276,2019-07-01,7,1,7,2019-07-01 07:36:46,4999.0,Debit card,1.0,Утро,yes,4499.1
304,499245106376,Germany,iPhone,organic,2019-07-01 11:21:12,2019-07-01 11:38:07,1014.9999996414408,2019-07-01,7,1,11,2019-07-01 11:21:12,4999.0,Mobile payments,0.0,День,yes,4999.0
305,793428239180,UК,android,контекстная реклама,2019-07-01 23:23:59,2019-07-02 00:19:39,3339.999999990687,2019-07-01,7,1,0,2019-07-01 23:23:59,4999.0,E-wallet,0.0,Ночь,yes,4999.0
306,895126734577,United States,iPhone,социальные сети,2019-07-01 14:58:35,2019-07-01 15:57:57,3561.999999708496,2019-07-01,7,1,15,2019-07-01 14:58:35,4999.0,Mobile payments,0.0,День,yes,4999.0
307,966699244119,United States,iPhone,organic,2019-07-01 18:59:37,2019-07-01 19:01:20,103.00000018905848,2019-07-01,7,1,19,2019-07-01 18:59:37,4999.0,Debit card,0.0,Вечер,yes,4999.0
308,784246848479,UК,Mac,контекстная реклама,2019-07-01 13:54:45,2019-07-01 14:57:57,3792.000000039116,2019-07-01,7,1,14,,0.0,,0.0,День,no,0.0
309,372244223168,United States,iPhone,organic,2019-07-02 08:06:34,2019-07-02 08:40:26,2032.0000003790483,2019-07-02,7,2,8,2019-07-02 08:06:34,5999.0,Credit card,1.0,Утро,yes,5399.1
310,778027854258,United States,iPhone,социальные сети,2019-07-02 06:51:15,2019-07-02 07:49:32,3496.999999601394,2019-07-02,7,2,7,2019-07-02 06:51:15,5999.0,Credit card,0.0,Утро,yes,5999.0
311,916472122757,United States,PC,organic,2019-07-02 16:46:19,2019-07-02 17:17:18,1859.0000001713636,2019-07-02,7,2,17,2019-07-02 16:46:19,4999.0,Mobile payments,0.0,Вечер,yes,4999.0
312,359245761000,United States,PC,organic,2019-07-02 21:52:54,2019-07-02 21:57:14,259.99999979976565,2019-07-02,7,2,21,,0.0,,0.0,Вечер,no,0.0
313,657504295064,France,android,email-рассылки,2019-07-02 12:44:56,2019-07-02 13:32:34,2858.000000473112,2019-07-02,7,2,13,,0.0,,0.0,День,no,0.0
314,818318162415,United States,Mac,organic,2019-07-02 12:30:55,2019-07-02 13:11:28,2432.999999821186,2019-07-02,7,2,13,,0.0,,0.0,День,no,0.0
315,959904130474,UК,PC,реклама у блогеров,2019-07-02 09:48:18,2019-07-02 10:02:52,873.9999999990687,2019-07-02,7,2,10,,0.0,,0.0,День,no,0.0
316,104504715148,UК,Mac,контекстная реклама,2019-07-03 20:08:36,2019-07-03 20:29:09,1232.9999996814877,2019-07-03,7,3,20,,0.0,,0.0,Вечер,no,0.0
317,286054316189,UК,android,контекстная реклама,2019-07-03 16:00:08,2019-07-03 16:05:56,348.00000025425106,2019-07-03,7,3,16,,0.0,,0.0,День,no,0.0
318,65051559384,United States,iPhone,социальные сети,2019-07-03 15:19:54,2019-07-03 15:39:23,1168.9999998081475,2019-07-03,7,3,15,2019-07-03 15:19:54,4999.0,E-wallet,1.0,День,yes,4499.1
319,122607423868,United States,iPhone,organic,2019-07-03 06:34:00,2019-07-03 06:41:38,458.0000001937151,2019-07-03,7,3,6,2019-07-03 06:34:03,4999.0,Credit card,1.0,Утро,yes,4499.1
320,615072217772,United States,Mac,organic,2019-07-03 09:46:27,2019-07-03 10:15:46,1759.000000054948,2019-07-03,7,3,10,,0.0,,0.0,День,no,0.0
321,683967200944,United States,Mac,социальные сети,2019-07-03 13:43:31,2019-07-03 14:24:21,2450.000000023283,2019-07-03,7,3,14,,0.0,,0.0,День,no,0.0
322,795637631144,United States,android,реклама у блогеров,2019-07-03 10:04:36,2019-07-03 11:28:45,5048.999999673106,2019-07-03,7,3,11,,0.0,,0.0,День,no,0.0
323,798426075383,United States,Mac,реклама у блогеров,2019-07-03 11:01:16,2019-07-03 11:05:03,227.00000025797635,2019-07-03,7,3,11,,0.0,,0.0,День,no,0.0
324,158538625073,United States,PC,социальные сети,2019-07-04 16:36:27,2019-07-04 16:48:19,711.9999998481944,2019-07-04,7,4,16,,0.0,,0.0,День,no,0.0
325,222712666846,United States,android,социальные сети,2019-07-04 17:51:53,2019-07-04 17:56:36,283.00000014714897,2019-07-04,7,4,17,,0.0,,0.0,Вечер,no,0.0
326,256940354640,Germany,PC,контекстная реклама,2019-07-04 06:02:43,2019-07-04 07:27:30,5087.000000383705,2019-07-04,7,4,7,,0.0,,0.0,Утро,no,0.0
327,478259517211,United States,iPhone,социальные сети,2019-07-04 15:27:01,2019-07-04 15:46:42,1181.0000000987202,2019-07-04,7,4,15,2019-07-04 15:27:16,4999.0,Debit card,0.0,День,yes,4999.0
328,407113930499,United States,iPhone,социальные сети,2019-07-04 18:35:56,2019-07-04 18:40:34,278.0000002356246,2019-07-04,7,4,18,,0.0,,0.0,Вечер,no,0.0
329,436227557586,United States,iPhone,социальные сети,2019-07-04 05:15:37,2019-07-04 05:23:16,459.00000042747706,2019-07-04,7,4,5,,0.0,,0.0,Ночь,no,0.0
330,550788547501,UК,android,контекстная реклама,2019-07-04 08:38:49,2019-07-04 09:28:03,2953.99999965448,2019-07-04,7,4,9,,0.0,,0.0,Утро,no,0.0
331,720638598102,United States,Mac,контекстная реклама,2019-07-04 08:04:54,2019-07-04 08:14:39,585.0000003352761,2019-07-04,7,4,8,,0.0,,0.0,Утро,no,0.0
332,102993070550,United States,iPhone,organic,2019-07-05 10:05:56,2019-07-05 10:26:06,1209.999999962747,2019-07-05,7,5,10,,0.0,,0.0,День,no,0.0
333,213468351687,United States,Mac,социальные сети,2019-07-05 11:58:53,2019-07-05 12:30:36,1902.9999997699636,2019-07-05,7,5,12,,0.0,,0.0,День,no,0.0
334,204579228971,United States,android,organic,2019-07-05 09:44:08,2019-07-05 11:01:29,4641.000000480562,2019-07-05,7,5,11,2019-07-05 09:45:23,4999.0,Debit card,1.0,День,yes,4499.1
335,583129582624,United States,iPhone,социальные сети,2019-07-06 19:32:28,2019-07-06 20:21:05,2916.999999806285,2019-07-06,7,6,20,,0.0,,0.0,Вечер,no,0.0
336,634464541401,France,iPhone,реклама у блогеров,2019-07-06 05:59:31,2019-07-06 06:33:31,2039.999999734573,2019-07-06,7,6,6,,0.0,,0.0,Утро,no,0.0
337,868985705649,UК,PC,реклама у блогеров,2019-07-06 21:13:20,2019-07-06 22:51:11,5870.999999460764,2019-07-06,7,6,22,,0.0,,0.0,Ночь,no,0.0
338,209718481206,Germany,android,organic,2019-07-07 00:12:42,2019-07-07 00:14:51,128.99999998044223,2019-07-07,7,7,0,,0.0,,0.0,Ночь,no,0.0
339,352450575772,United States,iPhone,социальные сети,2019-07-07 18:07:48,2019-07-07 18:16:59,550.9999999310821,2019-07-07,7,7,18,,0.0,,0.0,Вечер,no,0.0
340,452632488280,United States,PC,социальные сети,2019-07-07 17:11:57,2019-07-07 17:57:40,2742.9999999934807,2019-07-07,7,7,17,,0.0,,0.0,Вечер,no,0.0
341,781792086606,United States,PC,контекстная реклама,2019-07-07 06:41:06,2019-07-07 07:35:32,3266.000000294298,2019-07-07,7,7,7,,0.0,,0.0,Утро,no,0.0
342,841118709732,Germany,PC,organic,2019-07-07 20:25:02,2019-07-07 21:18:28,3206.00000009872,2019-07-07,7,7,21,,0.0,,0.0,Вечер,no,0.0
343,173174005547,United States,Mac,organic,2019-07-08 18:04:01,2019-07-08 18:18:45,884.0000004507601,2019-07-08,7,1,18,,0.0,,0.0,Вечер,no,0.0
344,193393701052,United States,iPhone,organic,2019-07-08 16:55:16,2019-07-08 17:21:45,1588.9999999199065,2019-07-08,7,1,17,,0.0,,0.0,Вечер,no,0.0
345,939300274446,United States,Mac,социальные сети,2019-07-08 00:09:29,2019-07-08 00:21:16,707.0000005653128,2019-07-08,7,1,0,2019-07-08 00:09:29,4999.0,Mobile payments,0.0,Ночь,yes,4999.0
346,890715289945,United States,iPhone,organic,2019-07-08 09:32:41,2019-07-08 10:01:51,1749.9999998370183,2019-07-08,7,1,10,,0.0,,0.0,День,no,0.0
347,40547652989,United States,android,социальные сети,2019-07-09 19:41:38,2019-07-09 21:37:05,6927.00000051409,2019-07-09,7,2,21,,0.0,,0.0,Вечер,no,0.0
348,329812499771,United States,iPhone,organic,2019-07-09 20:37:43,2019-07-09 20:56:19,1115.999999991618,2019-07-09,7,2,20,2019-07-09 20:37:54,4999.0,E-wallet,0.0,Вечер,yes,4999.0
349,627998964297,Germany,PC,organic,2019-07-09 00:56:31,2019-07-09 01:16:58,1227.000000164844,2019-07-09,7,2,1,2019-07-09 00:56:31,4999.0,E-wallet,0.0,Ночь,yes,4999.0
350,794823044575,United States,Mac,социальные сети,2019-07-09 23:37:23,2019-07-10 00:23:35,2771.999999857508,2019-07-09,7,2,0,,0.0,,0.0,Ночь,no,0.0
351,966994151892,France,iPhone,organic,2019-07-09 06:47:36,2019-07-09 07:45:21,3465.0000002933666,2019-07-09,7,2,7,,0.0,,0.0,Утро,no,0.0
352,202451586137,United States,iPhone,organic,2019-07-10 05:40:50,2019-07-10 05:56:51,960.9999995911494,2019-07-10,7,3,5,2019-07-10 05:40:50,5999.0,Cash,0.0,Ночь,yes,5999.0
353,301556224101,United States,iPhone,социальные сети,2019-07-10 13:48:58,2019-07-10 15:00:22,4284.000000008382,2019-07-10,7,3,15,2019-07-10 13:48:58,4999.0,Mobile payments,1.0,День,yes,4499.1
354,681647532284,United States,PC,социальные сети,2019-07-10 13:10:58,2019-07-10 13:33:36,1357.9999999841675,2019-07-10,7,3,13,,0.0,,0.0,День,no,0.0
355,233307448916,United States,Mac,социальные сети,2019-07-11 20:21:43,2019-07-11 20:24:16,152.99999993294475,2019-07-11,7,4,20,2019-07-11 20:21:43,4999.0,Mobile payments,1.0,Вечер,yes,4499.1
356,784870260008,UК,iPhone,реклама у блогеров,2019-07-11 08:40:01,2019-07-11 08:46:33,391.99999985285103,2019-07-11,7,4,8,2019-07-11 08:40:01,4999.0,Mobile payments,0.0,Утро,yes,4999.0
357,24819792083,United States,iPhone,organic,2019-07-12 10:06:13,2019-07-12 10:29:52,1418.9999997848645,2019-07-12,7,5,10,,0.0,,0.0,День,no,0.0
358,106276176022,United States,android,социальные сети,2019-07-12 14:31:02,2019-07-12 14:34:40,218.00000004004687,2019-07-12,7,5,14,,0.0,,0.0,День,no,0.0
359,164920808545,United States,Mac,organic,2019-07-12 07:43:01,2019-07-12 07:49:08,366.9999996665865,2019-07-12,7,5,7,2019-07-12 07:43:01,4999.0,E-wallet,1.0,Утро,yes,4499.1
360,552307919947,United States,iPhone,социальные сети,2019-07-12 19:40:54,2019-07-12 20:17:43,2208.999999635853,2019-07-12,7,5,20,2019-07-12 19:40:54,5999.0,Cash,0.0,Вечер,yes,5999.0
361,843398546256,United States,Mac,социальные сети,2019-07-12 11:46:18,2019-07-12 12:23:25,2227.000000071712,2019-07-12,7,5,12,2019-07-12 11:46:38,4999.0,Credit card,0.0,День,yes,4999.0
362,795615180949,United States,android,реклама у блогеров,2019-07-12 00:35:59,2019-07-12 00:46:00,601.0000003036112,2019-07-12,7,5,0,,0.0,,0.0,Ночь,no,0.0
363,884842432871,Germany,iPhone,контекстная реклама,2019-07-12 08:21:45,2019-07-12 08:24:40,175.00000004656613,2019-07-12,7,5,8,,0.0,,0.0,Утро,no,0.0
364,30873179482,France,PC,organic,2019-07-13 14:41:41,2019-07-13 16:25:23,6221.999999787658,2019-07-13,7,6,16,,0.0,,0.0,День,no,0.0
365,64758942835,United States,Mac,organic,2019-07-13 04:27:04,2019-07-13 04:28:33,89.00000005960464,2019-07-13,7,6,4,,0.0,,0.0,Ночь,no,0.0
366,260253329247,United States,Mac,социальные сети,2019-07-13 10:11:49,2019-07-13 10:15:57,247.999999509193,2019-07-13,7,6,10,,0.0,,0.0,День,no,0.0
367,746615563937,United States,android,социальные сети,2019-07-13 12:48:10,2019-07-13 12:54:58,408.0000004498288,2019-07-13,7,6,12,2019-07-13 12:48:14,4999.0,Cash,0.0,День,yes,4999.0
368,660238506242,United States,Mac,социальные сети,2019-07-13 21:24:12,2019-07-13 21:57:44,2012.000000104308,2019-07-13,7,6,21,,0.0,,0.0,Вечер,no,0.0
369,115729309305,United States,Mac,organic,2019-07-14 16:13:01,2019-07-14 17:08:26,3325.0000002561137,2019-07-14,7,7,17,,0.0,,0.0,Вечер,no,0.0
370,156827276434,Germany,PC,контекстная реклама,2019-07-14 05:22:39,2019-07-14 05:33:32,653.0000005150214,2019-07-14,7,7,5,,0.0,,0.0,Ночь,no,0.0
371,312506798840,UК,Mac,email-рассылки,2019-07-14 06:27:13,2019-07-14 07:19:25,3131.9999997736886,2019-07-14,7,7,7,,0.0,,0.0,Утро,no,0.0
372,516462473471,United States,iPhone,социальные сети,2019-07-14 19:19:00,2019-07-14 19:21:29,149.0000002551824,2019-07-14,7,7,19,,0.0,,0.0,Вечер,no,0.0
373,812686947958,UК,PC,реклама у блогеров,2019-07-14 21:22:19,2019-07-14 21:54:13,1913.999999826774,2019-07-14,7,7,21,,0.0,,0.0,Вечер,no,0.0
374,891953384643,UК,PC,реклама у блогеров,2019-07-14 06:05:23,2019-07-14 06:05:50,27.00000002514571,2019-07-14,7,7,6,,0.0,,0.0,Утро,no,0.0
375,986008421504,United States,iPhone,organic,2019-07-14 12:35:16,2019-07-14 12:38:33,197.00000016018748,2019-07-14,7,7,12,,0.0,,0.0,День,no,0.0
376,227838968192,Germany,iPhone,контекстная реклама,2019-07-15 22:56:35,2019-07-15 23:17:25,1249.999999883585,2019-07-15,7,1,23,,0.0,,0.0,Ночь,no,0.0
377,732023866452,United States,iPhone,социальные сети,2019-07-15 00:38:29,2019-07-15 00:45:19,410.00000028871,2019-07-15,7,1,0,2019-07-15 00:38:34,4999.0,E-wallet,0.0,Ночь,yes,4999.0
378,870999437394,Germany,android,organic,2019-07-15 16:20:07,2019-07-15 17:19:17,3549.9999994179234,2019-07-15,7,1,17,,0.0,,0.0,Вечер,no,0.0
379,277390603389,United States,Mac,социальные сети,2019-07-16 09:03:48,2019-07-16 09:33:33,1784.9999998463318,2019-07-16,7,2,9,,0.0,,0.0,Утро,no,0.0
380,882413418437,United States,Mac,социальные сети,2019-07-16 19:49:03,2019-07-16 20:02:15,791.9999996898696,2019-07-16,7,2,20,2019-07-16 19:49:12,4999.0,Credit card,0.0,Вечер,yes,4999.0
381,631733572564,Germany,iPhone,organic,2019-07-16 02:24:08,2019-07-16 02:34:55,647.0000003697351,2019-07-16,7,2,2,,0.0,,0.0,Ночь,no,0.0
382,971146114981,United States,android,социальные сети,2019-07-16 13:09:34,2019-07-16 13:41:42,1927.999999956228,2019-07-16,7,2,13,,0.0,,0.0,День,no,0.0
383,316017445555,United States,iPhone,organic,2019-07-17 03:16:33,2019-07-17 03:53:31,2217.9999998537824,2019-07-17,7,3,3,,0.0,,0.0,Ночь,no,0.0
384,499535748871,United States,Mac,социальные сети,2019-07-17 16:46:29,2019-07-17 16:58:06,697.0000001136214,2019-07-17,7,3,16,2019-07-17 16:46:29,5999.0,Cash,0.0,День,yes,5999.0
385,360602062287,France,PC,контекстная реклама,2019-07-17 17:32:50,2019-07-17 17:37:51,300.9999999543652,2019-07-17,7,3,17,,0.0,,0.0,Вечер,no,0.0
386,769295398775,United States,android,социальные сети,2019-07-17 19:57:35,2019-07-17 20:06:27,531.9999998901039,2019-07-17,7,3,20,,0.0,,0.0,Вечер,no,0.0
387,33663999221,United States,iPhone,социальные сети,2019-07-18 17:21:45,2019-07-18 17:25:09,204.00000053923577,2019-07-18,7,4,17,,0.0,,0.0,Вечер,no,0.0
388,123643365833,United States,iPhone,социальные сети,2019-07-18 12:11:30,2019-07-18 12:43:49,1939.0000000130383,2019-07-18,7,4,12,,0.0,,0.0,День,no,0.0
389,278800644049,United States,iPhone,organic,2019-07-18 23:35:36,2019-07-18 23:43:56,499.9999999534338,2019-07-18,7,4,23,2019-07-18 23:35:44,4999.0,Credit card,0.0,Ночь,yes,4999.0
390,926413443851,United States,Mac,organic,2019-07-18 10:46:50,2019-07-18 11:11:16,1466.0000000847504,2019-07-18,7,4,11,,0.0,,0.0,День,no,0.0
391,12087022090,United States,android,социальные сети,2019-07-19 16:03:34,2019-07-19 16:22:38,1143.999999621883,2019-07-19,7,5,16,,0.0,,0.0,День,no,0.0
392,213468351687,United States,Mac,социальные сети,2019-07-20 21:19:14,2019-07-20 21:32:09,775.0000001164153,2019-07-20,7,6,21,,0.0,,0.0,Вечер,no,0.0
393,782535799321,UК,android,контекстная реклама,2019-07-20 01:39:41,2019-07-20 01:49:25,584.0000001015142,2019-07-20,7,6,1,2019-07-20 01:39:41,4999.0,Mobile payments,0.0,Ночь,yes,4999.0
394,135675609400,Germany,PC,реклама у блогеров,2019-07-21 05:04:26,2019-07-21 05:53:44,2957.9999999608845,2019-07-21,7,7,5,,0.0,,0.0,Ночь,no,0.0
395,138362521258,Germany,Mac,контекстная реклама,2019-07-21 23:09:08,2019-07-22 00:31:23,4935.000000055879,2019-07-21,7,7,0,,0.0,,0.0,Ночь,no,0.0
396,260855948706,United States,iPhone,социальные сети,2019-07-21 11:38:17,2019-07-21 12:38:28,3610.999999847263,2019-07-21,7,7,12,,0.0,,0.0,День,no,0.0
397,731253852091,United States,Mac,реклама у блогеров,2019-07-21 07:17:22,2019-07-21 08:04:25,2822.999999835156,2019-07-21,7,7,8,2019-07-21 07:17:22,4999.0,Credit card,0.0,Утро,yes,4999.0
398,756421048432,United States,iPhone,социальные сети,2019-07-21 01:06:23,2019-07-21 02:50:20,6237.000000150874,2019-07-21,7,7,2,2019-07-21 01:06:23,4999.0,Debit card,0.0,Ночь,yes,4999.0
399,964873611875,United States,Mac,социальные сети,2019-07-21 01:40:47,2019-07-21 02:06:33,1546.0000005550685,2019-07-21,7,7,2,2019-07-21 01:40:47,4999.0,E-wallet,0.0,Ночь,yes,4999.0
400,844805500190,United States,iPhone,социальные сети,2019-07-21 18:36:14,2019-07-21 19:04:26,1691.999999480322,2019-07-21,7,7,19,,0.0,,0.0,Вечер,no,0.0
401,81511836326,United States,android,organic,2019-07-22 23:49:10,2019-07-23 00:42:03,3172.999999928288,2019-07-22,7,1,0,,0.0,,0.0,Ночь,no,0.0
402,69778080230,UК,iPhone,контекстная реклама,2019-07-22 22:07:14,2019-07-22 22:18:52,697.9999997187406,2019-07-22,7,1,22,2019-07-22 22:07:14,5999.0,Mobile payments,0.0,Ночь,yes,5999.0
403,854484623330,United States,Mac,organic,2019-07-22 06:05:52,2019-07-22 06:09:05,192.9999998537824,2019-07-22,7,1,6,,0.0,,0.0,Утро,no,0.0
404,882606638514,France,iPhone,organic,2019-07-22 22:08:05,2019-07-22 22:11:06,181.00000019185245,2019-07-22,7,1,22,,0.0,,0.0,Ночь,no,0.0
405,86983956311,United States,iPhone,organic,2019-07-23 14:37:35,2019-07-23 14:50:04,749.0000003250316,2019-07-23,7,2,14,,0.0,,0.0,День,no,0.0
406,129436970358,UК,PC,контекстная реклама,2019-07-23 02:43:36,2019-07-23 03:15:17,1900.999999931082,2019-07-23,7,2,3,,0.0,,0.0,Ночь,no,0.0
407,355841419824,United States,iPhone,социальные сети,2019-07-23 19:09:50,2019-07-23 19:15:49,358.999999682419,2019-07-23,7,2,19,,0.0,,0.0,Вечер,no,0.0
408,61219447121,UК,PC,контекстная реклама,2019-07-23 03:37:05,2019-07-23 03:43:28,382.9999996349216,2019-07-23,7,2,3,2019-07-23 03:37:11,4999.0,Cash,0.0,Ночь,yes,4999.0
409,831634212596,United States,PC,organic,2019-07-23 21:53:41,2019-07-23 23:18:16,5075.000000093132,2019-07-23,7,2,23,,0.0,,0.0,Ночь,no,0.0
410,752923382485,United States,iPhone,социальные сети,2019-07-24 21:38:22,2019-07-24 21:50:27,724.9999997438863,2019-07-24,7,3,21,,0.0,,0.0,Вечер,no,0.0
411,761801410034,Germany,android,контекстная реклама,2019-07-24 07:08:19,2019-07-24 07:12:39,259.99999979976565,2019-07-24,7,3,7,,0.0,,0.0,Утро,no,0.0
412,968963361696,United States,iPhone,социальные сети,2019-07-24 17:19:04,2019-07-24 17:20:02,58.00000035669655,2019-07-24,7,3,17,,0.0,,0.0,Вечер,no,0.0
413,999944670136,UК,PC,organic,2019-07-24 04:35:58,2019-07-24 06:19:37,6218.999999715015,2019-07-24,7,3,6,,0.0,,0.0,Утро,no,0.0
414,195552874956,United States,iPhone,социальные сети,2019-07-25 19:02:25,2019-07-25 19:35:49,2004.0000001201408,2019-07-25,7,4,19,,0.0,,0.0,Вечер,no,0.0
415,322768391283,United States,iPhone,organic,2019-07-25 19:06:40,2019-07-25 19:15:07,506.9999997038394,2019-07-25,7,4,19,,0.0,,0.0,Вечер,no,0.0
416,609993663383,United States,iPhone,социальные сети,2019-07-25 19:55:10,2019-07-25 21:02:03,4012.999999523163,2019-07-25,7,4,21,,0.0,,0.0,Вечер,no,0.0
417,990285083481,United States,android,organic,2019-07-25 02:14:38,2019-07-25 02:15:29,50.99999997764826,2019-07-25,7,4,2,,0.0,,0.0,Ночь,no,0.0
418,250281940700,United States,Mac,organic,2019-07-26 23:25:57,2019-07-26 23:25:57,0.0,2019-07-26,7,5,23,,0.0,,0.0,Ночь,no,0.0
419,879281375267,United States,PC,социальные сети,2019-07-26 11:50:32,2019-07-26 12:30:46,2414.0000004088506,2019-07-26,7,5,12,,0.0,,0.0,День,no,0.0
420,227358479609,Germany,iPhone,organic,2019-07-27 21:36:58,2019-07-27 21:41:21,262.9999998724088,2019-07-27,7,6,21,,0.0,,0.0,Вечер,no,0.0
421,289471230031,United States,iPhone,социальные сети,2019-07-27 07:00:35,2019-07-27 07:08:51,496.0000002756715,2019-07-27,7,6,7,,0.0,,0.0,Утро,no,0.0
422,828675212217,United States,android,реклама у блогеров,2019-07-27 17:30:23,2019-07-27 18:28:04,3460.999999986961,2019-07-27,7,6,18,2019-07-27 17:30:58,4999.0,Debit card,0.0,Вечер,yes,4999.0
423,395777936776,UК,android,контекстная реклама,2019-07-27 02:58:08,2019-07-27 03:30:04,1915.9999996656552,2019-07-27,7,6,3,,0.0,,0.0,Ночь,no,0.0
424,894023370171,United States,iPhone,organic,2019-07-27 04:28:52,2019-07-27 04:47:15,1103.0000000959262,2019-07-27,7,6,4,,0.0,,0.0,Ночь,no,0.0
425,220364789675,United States,iPhone,organic,2019-07-28 04:15:58,2019-07-28 04:42:55,1617.000000178814,2019-07-28,7,7,4,,0.0,,0.0,Ночь,no,0.0
426,254498669717,United States,iPhone,organic,2019-07-28 04:27:16,2019-07-28 04:29:41,144.99999994877726,2019-07-28,7,7,4,,0.0,,0.0,Ночь,no,0.0
427,320234230055,United States,Mac,социальные сети,2019-07-28 07:35:04,2019-07-28 07:55:29,1224.9999996973202,2019-07-28,7,7,7,,0.0,,0.0,Утро,no,0.0
428,617672479494,United States,iPhone,organic,2019-07-28 01:02:49,2019-07-28 01:23:27,1238.0000002216548,2019-07-28,7,7,1,,0.0,,0.0,Ночь,no,0.0
429,679176482300,United States,Mac,реклама у блогеров,2019-07-28 02:19:45,2019-07-28 03:04:59,2714.000000129454,2019-07-28,7,7,3,,0.0,,0.0,Ночь,no,0.0
430,99688683288,France,android,реклама у блогеров,2019-07-29 00:25:46,2019-07-29 01:05:42,2395.999999972992,2019-07-29,7,1,1,2019-07-29 00:25:46,4999.0,E-wallet,0.0,Ночь,yes,4999.0
431,621577859058,United States,android,социальные сети,2019-07-29 06:22:07,2019-07-29 06:32:54,646.9999997410923,2019-07-29,7,1,6,2019-07-29 06:22:07,4999.0,Mobile payments,0.0,Утро,yes,4999.0
432,989238053178,United States,Mac,социальные сети,2019-07-29 11:08:55,2019-07-29 11:25:58,1022.9999996256084,2019-07-29,7,1,11,2019-07-29 11:09:11,4999.0,Mobile payments,0.0,День,yes,4999.0
433,518710414000,United States,iPhone,социальные сети,2019-07-29 14:58:45,2019-07-29 15:07:35,530.0000000512227,2019-07-29,7,1,15,,0.0,,0.0,День,no,0.0
434,692397051879,United States,iPhone,социальные сети,2019-07-29 20:13:57,2019-07-29 20:20:59,422.0000005792826,2019-07-29,7,1,20,,0.0,,0.0,Вечер,no,0.0
435,694104219113,France,PC,контекстная реклама,2019-07-29 09:16:13,2019-07-29 10:00:55,2682.000000192784,2019-07-29,7,1,10,,0.0,,0.0,День,no,0.0
436,31117155191,UК,iPhone,email-рассылки,2019-07-30 04:45:52,2019-07-30 05:09:21,1408.9999999618158,2019-07-30,7,2,5,,0.0,,0.0,Ночь,no,0.0
437,224322923128,United States,Mac,organic,2019-07-30 20:48:03,2019-07-30 21:00:01,717.9999999934807,2019-07-30,7,2,21,2019-07-30 20:48:03,4999.0,Mobile payments,1.0,Вечер,yes,4499.1
438,400099924227,United States,iPhone,organic,2019-07-30 01:14:28,2019-07-30 01:54:44,2415.999999619089,2019-07-30,7,2,1,2019-07-30 01:14:28,5999.0,Cash,1.0,Ночь,yes,5399.1
439,406137588091,United States,Mac,социальные сети,2019-07-30 02:30:27,2019-07-30 02:42:46,738.9999998733401,2019-07-30,7,2,2,,0.0,,0.0,Ночь,no,0.0
440,483589204947,United States,Mac,социальные сети,2019-07-30 07:17:23,2019-07-30 08:09:19,3116.0000004339963,2019-07-30,7,2,8,2019-07-30 07:17:23,5999.0,E-wallet,0.0,Утро,yes,5999.0
441,769481966524,United States,iPhone,социальные сети,2019-07-30 21:23:48,2019-07-30 22:29:41,3952.999999956228,2019-07-30,7,2,22,2019-07-30 21:23:48,4999.0,E-wallet,0.0,Ночь,yes,4999.0
442,442512894030,France,android,реклама у блогеров,2019-07-30 15:31:26,2019-07-30 15:56:55,1528.9999997243283,2019-07-30,7,2,15,,0.0,,0.0,День,no,0.0
443,448238119618,United States,PC,реклама у блогеров,2019-07-30 02:06:10,2019-07-30 02:08:53,162.99999975599349,2019-07-30,7,2,2,,0.0,,0.0,Ночь,no,0.0
444,992133804765,Germany,android,контекстная реклама,2019-07-30 12:43:20,2019-07-30 13:47:09,3828.99999988731,2019-07-30,7,2,13,,0.0,,0.0,День,no,0.0
445,309802189259,UК,android,контекстная реклама,2019-07-31 20:29:48,2019-07-31 20:34:12,264.0000001061708,2019-07-31,7,3,20,,0.0,,0.0,Вечер,no,0.0
446,260985270551,United States,android,социальные сети,2019-07-31 15:04:02,2019-07-31 15:27:42,1420.0000000186265,2019-07-31,7,3,15,2019-07-31 15:04:02,4999.0,Cash,0.0,День,yes,4999.0
447,483686708683,United States,Mac,контекстная реклама,2019-07-31 22:05:41,2019-07-31 22:48:39,2577.999999769964,2019-07-31,7,3,22,,0.0,,0.0,Ночь,no,0.0
448,734768250095,UК,PC,контекстная реклама,2019-07-31 23:13:53,2019-08-01 00:07:44,3230.999999656342,2019-07-31,7,3,0,,0.0,,0.0,Ночь,no,0.0
449,145779660434,France,Mac,контекстная реклама,2019-08-01 23:04:14,2019-08-01 23:24:02,1187.9999998491255,2019-08-01,8,4,23,,0.0,,0.0,Ночь,no,0.0
450,487617106951,United States,android,organic,2019-08-01 04:45:12,2019-08-01 05:45:02,3589.999999967404,2019-08-01,8,4,5,,0.0,,0.0,Ночь,no,0.0
451,651168189726,United States,android,organic,2019-08-01 08:35:39,2019-08-01 08:52:08,989.0000004786998,2019-08-01,8,4,8,,0.0,,0.0,Утро,no,0.0
452,807097454461,United States,iPhone,социальные сети,2019-08-01 12:55:53,2019-08-01 13:18:19,1346.0000003222376,2019-08-01,8,4,13,,0.0,,0.0,День,no,0.0
453,896290713988,United States,iPhone,реклама у блогеров,2019-08-01 02:18:02,2019-08-01 03:22:35,3873.0000001145527,2019-08-01,8,4,3,,0.0,,0.0,Ночь,no,0.0
454,85418907217,United States,Mac,социальные сети,2019-08-02 11:27:27,2019-08-02 11:27:30,3.000000072643161,2019-08-02,8,5,11,2019-08-02 11:27:27,4999.0,Cash,1.0,День,yes,4499.1
455,230062749766,United States,iPhone,социальные сети,2019-08-02 08:45:26,2019-08-02 08:54:54,568.0000001331791,2019-08-02,8,5,8,2019-08-02 08:45:33,4999.0,Cash,1.0,Утро,yes,4499.1
456,457097816045,UК,PC,email-рассылки,2019-08-02 20:00:05,2019-08-02 20:19:15,1149.9999997671694,2019-08-02,8,5,20,2019-08-02 20:00:18,4999.0,Cash,1.0,Вечер,yes,4499.1
457,593348196561,United States,iPhone,социальные сети,2019-08-02 23:59:31,2019-08-03 00:24:12,1480.9999998193234,2019-08-02,8,5,0,2019-08-02 23:59:31,5999.0,Mobile payments,0.0,Ночь,yes,5999.0
458,963294185076,United States,Mac,реклама у блогеров,2019-08-02 20:13:07,2019-08-02 20:16:52,224.9999997904524,2019-08-02,8,5,20,2019-08-02 20:13:07,5999.0,E-wallet,0.0,Вечер,yes,5999.0
459,564092033044,UК,PC,контекстная реклама,2019-08-02 10:40:49,2019-08-02 10:55:45,895.9999994840473,2019-08-02,8,5,10,,0.0,,0.0,День,no,0.0
460,647967011710,Germany,Mac,organic,2019-08-02 06:30:04,2019-08-02 07:18:45,2921.00000011269,2019-08-02,8,5,7,,0.0,,0.0,Утро,no,0.0
461,796251199459,United States,iPhone,organic,2019-08-02 01:32:31,2019-08-02 02:06:03,2012.000000104308,2019-08-02,8,5,2,,0.0,,0.0,Ночь,no,0.0
462,905321997674,United States,Mac,реклама у блогеров,2019-08-02 14:42:53,2019-08-02 15:48:11,3917.9999999469146,2019-08-02,8,5,15,,0.0,,0.0,День,no,0.0
463,65892437848,United States,PC,контекстная реклама,2019-08-03 04:59:09,2019-08-03 06:35:18,5768.999999505468,2019-08-03,8,6,6,,0.0,,0.0,Утро,no,0.0
464,309835582473,UК,PC,реклама у блогеров,2019-08-03 10:42:22,2019-08-03 11:24:41,2539.000000082888,2019-08-03,8,6,11,,0.0,,0.0,День,no,0.0
465,330727323590,Germany,iPhone,organic,2019-08-03 18:49:23,2019-08-03 19:13:30,1447.0000000437722,2019-08-03,8,6,19,2019-08-03 18:49:44,4999.0,Debit card,1.0,Вечер,yes,4499.1
466,411302927360,Germany,Mac,контекстная реклама,2019-08-03 16:49:50,2019-08-03 17:02:29,759.0000001480803,2019-08-03,8,6,17,2019-08-03 16:49:50,4999.0,Credit card,0.0,Вечер,yes,4999.0
467,602634740501,United States,android,organic,2019-08-03 06:23:12,2019-08-03 08:28:29,7517.000000132248,2019-08-03,8,6,8,2019-08-03 06:23:12,4999.0,Debit card,0.0,Утро,yes,4999.0
468,922467723131,United States,android,organic,2019-08-03 04:48:21,2019-08-03 06:37:11,6529.999999492429,2019-08-03,8,6,6,2019-08-03 04:48:21,5999.0,Mobile payments,0.0,Утро,yes,5999.0
469,782031052247,Germany,PC,organic,2019-08-03 13:06:58,2019-08-03 13:34:55,1676.999999745749,2019-08-03,8,6,13,,0.0,,0.0,День,no,0.0
470,953482428376,United States,android,organic,2019-08-03 07:32:24,2019-08-03 07:37:16,292.00000036507845,2019-08-03,8,6,7,,0.0,,0.0,Утро,no,0.0
471,405587952809,United States,iPhone,социальные сети,2019-08-04 00:23:52,2019-08-04 00:38:36,883.9999998221174,2019-08-04,8,7,0,,0.0,,0.0,Ночь,no,0.0
472,58943093200,United States,PC,социальные сети,2019-08-05 22:18:06,2019-08-05 22:36:44,1117.9999998304993,2019-08-05,8,1,22,2019-08-05 22:18:06,5999.0,Debit card,1.0,Ночь,yes,5399.1
473,449256291028,United States,android,социальные сети,2019-08-05 06:46:21,2019-08-05 07:49:30,3788.999999966472,2019-08-05,8,1,7,2019-08-05 06:46:21,5999.0,Mobile payments,1.0,Утро,yes,5399.1
474,935867091739,United States,iPhone,социальные сети,2019-08-05 13:35:34,2019-08-05 14:43:52,4097.999999905005,2019-08-05,8,1,14,2019-08-05 13:36:23,4999.0,Mobile payments,0.0,День,yes,4999.0
475,326979599324,United States,PC,organic,2019-08-06 23:54:06,2019-08-07 00:42:24,2897.9999997653067,2019-08-06,8,2,0,,0.0,,0.0,Ночь,no,0.0
476,494315126546,France,PC,реклама у блогеров,2019-08-06 21:15:36,2019-08-06 21:34:33,1136.9999998714777,2019-08-06,8,2,21,2019-08-06 21:15:48,4999.0,E-wallet,0.0,Вечер,yes,4999.0
477,953957609256,United States,iPhone,социальные сети,2019-08-06 09:38:15,2019-08-06 09:40:48,152.99999993294475,2019-08-06,8,2,9,,0.0,,0.0,Утро,no,0.0
478,980804219182,United States,iPhone,реклама у блогеров,2019-08-06 11:20:25,2019-08-06 12:24:31,3846.000000089407,2019-08-06,8,2,12,,0.0,,0.0,День,no,0.0
479,115643245864,United States,Mac,социальные сети,2019-08-07 18:50:22,2019-08-07 19:57:14,4011.999999918044,2019-08-07,8,3,19,,0.0,,0.0,Вечер,no,0.0
480,202193451454,Germany,PC,organic,2019-08-07 21:35:46,2019-08-07 21:40:46,299.9999997206032,2019-08-07,8,3,21,,0.0,,0.0,Вечер,no,0.0
481,694821110515,UК,iPhone,реклама у блогеров,2019-08-07 12:10:31,2019-08-07 12:32:19,1308.0000002402812,2019-08-07,8,3,12,2019-08-07 12:10:42,4999.0,Mobile payments,0.0,День,yes,4999.0
482,541480295772,France,PC,organic,2019-08-07 18:55:20,2019-08-07 19:13:30,1090.0000002002344,2019-08-07,8,3,19,,0.0,,0.0,Вечер,no,0.0
483,713924286428,France,android,organic,2019-08-07 04:35:53,2019-08-07 04:50:22,869.0000000875443,2019-08-07,8,3,4,,0.0,,0.0,Ночь,no,0.0
484,259211543151,United States,Mac,organic,2019-08-08 03:40:02,2019-08-08 03:54:28,866.0000000149012,2019-08-08,8,4,3,,0.0,,0.0,Ночь,no,0.0
485,459742242491,United States,Mac,социальные сети,2019-08-08 15:43:10,2019-08-08 16:31:31,2900.99999983795,2019-08-08,8,4,16,,0.0,,0.0,День,no,0.0
486,443677892066,United States,Mac,социальные сети,2019-08-08 22:12:18,2019-08-08 22:17:27,308.9999999385327,2019-08-08,8,4,22,2019-08-08 22:12:18,4999.0,Mobile payments,0.0,Ночь,yes,4999.0
487,687263888734,Germany,Mac,реклама у блогеров,2019-08-08 22:01:49,2019-08-08 23:12:02,4212.9999997559935,2019-08-08,8,4,23,2019-08-08 22:01:49,4999.0,E-wallet,0.0,Ночь,yes,4999.0
488,95845630431,France,iPhone,контекстная реклама,2019-08-09 00:16:16,2019-08-09 01:08:05,3109.000000054948,2019-08-09,8,5,1,,0.0,,0.0,Ночь,no,0.0
489,53311277127,United States,PC,organic,2019-08-09 03:10:08,2019-08-09 04:05:04,3295.999999763444,2019-08-09,8,5,4,2019-08-09 03:10:08,4999.0,Cash,1.0,Ночь,yes,4499.1
490,604902740068,United States,PC,organic,2019-08-09 05:58:59,2019-08-09 07:28:04,5344.999999715947,2019-08-09,8,5,7,2019-08-09 05:58:59,4999.0,Cash,0.0,Утро,yes,4999.0
491,715427672823,UК,android,реклама у блогеров,2019-08-09 16:08:39,2019-08-09 16:45:55,2236.0000002896413,2019-08-09,8,5,16,2019-08-09 16:08:39,5999.0,Cash,0.0,День,yes,5999.0
492,915754700118,France,android,контекстная реклама,2019-08-09 18:41:10,2019-08-09 19:37:36,3385.999999428168,2019-08-09,8,5,19,2019-08-09 18:41:10,5999.0,E-wallet,0.0,Вечер,yes,5999.0
493,772139235619,France,Mac,organic,2019-08-09 11:03:38,2019-08-09 11:21:53,1094.999999483116,2019-08-09,8,5,11,,0.0,,0.0,День,no,0.0
494,123516994341,United States,Mac,социальные сети,2019-08-10 00:35:35,2019-08-10 00:48:00,745.0000000186265,2019-08-10,8,6,0,,0.0,,0.0,Ночь,no,0.0
495,12480325582,United States,Mac,социальные сети,2019-08-10 06:26:44,2019-08-10 06:49:56,1391.9999997597188,2019-08-10,8,6,6,2019-08-10 06:26:44,4999.0,E-wallet,0.8627150632632511,Утро,yes,4567.728739874701
496,294336433466,United States,iPhone,социальные сети,2019-08-10 15:25:01,2019-08-10 15:41:17,975.9999999543652,2019-08-10,8,6,15,2019-08-10 15:25:01,4999.0,Cash,0.0,День,yes,4999.0
497,322505015092,United States,Mac,социальные сети,2019-08-10 03:12:43,2019-08-10 03:16:06,203.0000003054738,2019-08-10,8,6,3,2019-08-10 03:12:43,4999.0,Mobile payments,1.0,Ночь,yes,4499.1
498,729733008063,United States,android,социальные сети,2019-08-10 14:39:39,2019-08-10 14:40:28,49.00000013876706,2019-08-10,8,6,14,2019-08-10 14:39:39,4999.0,Credit card,0.0,День,yes,4999.0
499,503804055770,UК,iPhone,organic,2019-08-10 01:59:04,2019-08-10 02:01:55,171.00000036880374,2019-08-10,8,6,2,,0.0,,0.0,Ночь,no,0.0
500,561054549226,UК,android,контекстная реклама,2019-08-10 15:57:39,2019-08-10 16:38:44,2464.999999757856,2019-08-10,8,6,16,,0.0,,0.0,День,no,0.0
501,842525928630,United States,Mac,социальные сети,2019-08-10 23:01:06,2019-08-10 23:30:32,1765.9999998053536,2019-08-10,8,6,23,,0.0,,0.0,Ночь,no,0.0
502,957858178952,UК,Mac,organic,2019-08-10 22:19:25,2019-08-10 22:20:04,39.00000031571835,2019-08-10,8,6,22,,0.0,,0.0,Ночь,no,0.0
503,984492046245,UК,android,контекстная реклама,2019-08-10 06:41:44,2019-08-10 06:49:25,460.9999996377155,2019-08-10,8,6,6,,0.0,,0.0,Утро,no,0.0
504,81991974343,United States,iPhone,контекстная реклама,2019-08-11 00:15:10,2019-08-11 00:59:00,2629.999999981373,2019-08-11,8,7,0,,0.0,,0.0,Ночь,no,0.0
505,103136179876,Germany,PC,organic,2019-08-11 11:20:17,2019-08-11 11:22:08,111.000000173226,2019-08-11,8,7,11,,0.0,,0.0,День,no,0.0
506,226294532472,United States,Mac,социальные сети,2019-08-11 20:35:54,2019-08-11 20:56:03,1208.9999997289851,2019-08-11,8,7,20,,0.0,,0.0,Вечер,no,0.0
507,150230106332,United States,iPhone,organic,2019-08-11 19:51:56,2019-08-11 20:20:23,1706.9999998435378,2019-08-11,8,7,20,2019-08-11 19:51:56,4999.0,Debit card,0.0,Вечер,yes,4999.0
508,200865885248,United States,android,organic,2019-08-11 00:25:17,2019-08-11 00:33:20,482.9999997513369,2019-08-11,8,7,0,2019-08-11 00:25:17,4999.0,Cash,1.0,Ночь,yes,4499.1
509,247823486244,United States,PC,контекстная реклама,2019-08-11 19:17:23,2019-08-11 19:17:33,10.000000451691449,2019-08-11,8,7,19,2019-08-11 19:17:23,4999.0,Mobile payments,1.0,Вечер,yes,4499.1
510,508763188397,France,PC,контекстная реклама,2019-08-11 11:21:51,2019-08-11 11:36:23,872.0000001601875,2019-08-11,8,7,11,,0.0,,0.0,День,no,0.0
511,308073874330,United States,iPhone,социальные сети,2019-08-11 11:29:16,2019-08-11 13:31:53,7356.999999820255,2019-08-11,8,7,13,2019-08-11 11:29:16,5999.0,Mobile payments,0.0,День,yes,5999.0
512,687320832829,United States,Mac,organic,2019-08-11 05:22:36,2019-08-11 05:33:26,650.0000004423782,2019-08-11,8,7,5,2019-08-11 05:22:36,4999.0,Cash,0.0,Ночь,yes,4999.0
513,715896074760,United States,PC,социальные сети,2019-08-11 01:53:24,2019-08-11 02:36:03,2558.999999728985,2019-08-11,8,7,2,2019-08-11 01:53:57,4999.0,Cash,0.0,Ночь,yes,4999.0
514,797869772506,United States,android,organic,2019-08-11 11:29:44,2019-08-11 12:03:41,2037.0000002905729,2019-08-11,8,7,12,2019-08-11 11:29:44,5999.0,Mobile payments,0.0,День,yes,5999.0
515,946666173879,UК,android,organic,2019-08-11 10:59:55,2019-08-11 11:18:12,1096.99999995064,2019-08-11,8,7,11,,0.0,,0.0,День,no,0.0
516,955946531324,United States,Mac,социальные сети,2019-08-11 09:51:07,2019-08-11 10:12:33,1285.9999994980171,2019-08-11,8,7,10,,0.0,,0.0,День,no,0.0
517,216062985294,United States,PC,социальные сети,2019-08-12 07:36:05,2019-08-12 08:08:02,1916.9999998994167,2019-08-12,8,1,8,,0.0,,0.0,Утро,no,0.0
518,243827010085,Germany,PC,organic,2019-08-12 01:16:58,2019-08-12 01:34:32,1053.9999999571592,2019-08-12,8,1,1,,0.0,,0.0,Ночь,no,0.0
519,344878975077,United States,android,социальные сети,2019-08-12 05:36:55,2019-08-12 06:14:34,2259.000000008382,2019-08-12,8,1,6,,0.0,,0.0,Утро,no,0.0
520,61137281439,France,PC,контекстная реклама,2019-08-12 00:27:30,2019-08-12 01:11:19,2629.0000003762543,2019-08-12,8,1,1,2019-08-12 00:27:30,4999.0,Credit card,1.0,Ночь,yes,4499.1
521,92219766238,United States,iPhone,социальные сети,2019-08-12 14:56:18,2019-08-12 15:47:42,3083.9999998686835,2019-08-12,8,1,15,2019-08-12 14:56:18,5999.0,Mobile payments,0.0,День,yes,5999.0
522,875623507155,United States,iPhone,социальные сети,2019-08-12 22:05:59,2019-08-12 22:11:02,302.9999997932464,2019-08-12,8,1,22,2019-08-12 22:05:59,5999.0,E-wallet,0.0,Ночь,yes,5999.0
523,920073994992,United States,iPhone,organic,2019-08-12 02:09:38,2019-08-12 02:49:11,2372.9999996256083,2019-08-12,8,1,2,2019-08-12 02:09:38,4999.0,E-wallet,0.0,Ночь,yes,4999.0
524,532735103160,UК,iPhone,контекстная реклама,2019-08-12 17:50:19,2019-08-12 18:26:42,2182.999999844469,2019-08-12,8,1,18,,0.0,,0.0,Вечер,no,0.0
525,668155739398,United States,Mac,социальные сети,2019-08-12 12:35:55,2019-08-12 12:54:09,1093.9999998779967,2019-08-12,8,1,12,,0.0,,0.0,День,no,0.0
526,876701142402,UК,PC,organic,2019-08-12 08:13:12,2019-08-12 08:21:24,491.9999999692664,2019-08-12,8,1,8,,0.0,,0.0,Утро,no,0.0
527,178351346079,United States,iPhone,социальные сети,2019-08-13 20:35:32,2019-08-13 21:03:56,1703.9999997708946,2019-08-13,8,2,21,,0.0,,0.0,Вечер,no,0.0
528,469390149316,United States,iPhone,социальные сети,2019-08-13 04:15:56,2019-08-13 04:24:14,498.0000001145527,2019-08-13,8,2,4,,0.0,,0.0,Ночь,no,0.0
529,380388145233,Germany,iPhone,реклама у блогеров,2019-08-13 06:00:29,2019-08-13 06:13:07,757.9999999143183,2019-08-13,8,2,6,2019-08-13 06:00:29,4999.0,Cash,0.0,Утро,yes,4999.0
530,501956452039,United States,iPhone,социальные сети,2019-08-13 03:08:00,2019-08-13 03:25:55,1074.9999998370183,2019-08-13,8,2,3,2019-08-13 03:08:00,4999.0,Mobile payments,0.0,Ночь,yes,4999.0
531,95783934304,UК,iPhone,контекстная реклама,2019-08-14 02:10:30,2019-08-14 02:16:37,367.00000029522926,2019-08-14,8,3,2,,0.0,,0.0,Ночь,no,0.0
532,680903399183,United States,iPhone,organic,2019-08-14 17:33:53,2019-08-14 18:03:53,1799.9999995809048,2019-08-14,8,3,18,2019-08-14 17:33:53,5999.0,E-wallet,0.0,Вечер,yes,5999.0
533,762388570704,United States,android,социальные сети,2019-08-14 12:32:38,2019-08-14 12:54:21,1302.999999700114,2019-08-14,8,3,12,2019-08-14 12:32:38,5999.0,Cash,0.0,День,yes,5999.0
534,759180267632,France,PC,контекстная реклама,2019-08-14 12:04:23,2019-08-14 12:46:13,2510.000000218861,2019-08-14,8,3,12,,0.0,,0.0,День,no,0.0
535,33972898232,United States,iPhone,organic,2019-08-15 07:14:12,2019-08-15 07:14:13,0.9999996051192284,2019-08-15,8,4,7,,0.0,,0.0,Утро,no,0.0
536,116904966044,United States,android,социальные сети,2019-08-15 13:50:11,2019-08-15 14:01:58,706.9999999366701,2019-08-15,8,4,14,,0.0,,0.0,День,no,0.0
537,268123139092,United States,iPhone,organic,2019-08-15 00:33:28,2019-08-15 01:10:02,2193.99999990128,2019-08-15,8,4,1,,0.0,,0.0,Ночь,no,0.0
538,388866536888,United States,iPhone,organic,2019-08-15 00:34:22,2019-08-15 00:46:13,711.0000002430752,2019-08-15,8,4,0,,0.0,,0.0,Ночь,no,0.0
539,401670652249,United States,android,реклама у блогеров,2019-08-15 11:06:45,2019-08-15 11:46:30,2384.999999916181,2019-08-15,8,4,11,,0.0,,0.0,День,no,0.0
540,482464287716,United States,iPhone,социальные сети,2019-08-15 00:19:19,2019-08-15 00:49:03,1784.0000002412123,2019-08-15,8,4,0,,0.0,,0.0,Ночь,no,0.0
541,97712632967,United States,android,organic,2019-08-15 01:41:32,2019-08-15 01:48:40,428.0000000959262,2019-08-15,8,4,1,2019-08-15 01:41:32,5999.0,Mobile payments,0.0,Ночь,yes,5999.0
542,152494549560,United States,iPhone,organic,2019-08-15 18:24:23,2019-08-15 18:43:19,1136.0000002663585,2019-08-15,8,4,18,2019-08-15 18:24:23,4999.0,E-wallet,1.0,Вечер,yes,4499.1
543,846863824412,United States,Mac,социальные сети,2019-08-15 11:54:13,2019-08-15 12:08:45,872.0000001601875,2019-08-15,8,4,12,2019-08-15 11:54:21,4999.0,E-wallet,0.0,День,yes,4999.0
544,954080079223,United States,iPhone,социальные сети,2019-08-15 07:40:08,2019-08-15 08:14:00,2031.9999997504056,2019-08-15,8,4,8,,0.0,,0.0,Утро,no,0.0
545,206948255519,United States,iPhone,organic,2019-08-16 18:11:06,2019-08-16 18:52:41,2495.000000484288,2019-08-16,8,5,18,,0.0,,0.0,Вечер,no,0.0
546,451680322878,UК,iPhone,реклама у блогеров,2019-08-16 07:55:34,2019-08-16 08:02:52,437.9999999189749,2019-08-16,8,5,8,,0.0,,0.0,Утро,no,0.0
547,87458247642,UК,Mac,контекстная реклама,2019-08-16 17:33:09,2019-08-16 18:02:53,1784.0000002412123,2019-08-16,8,5,18,2019-08-16 17:33:25,4999.0,Credit card,0.0,Вечер,yes,4999.0
548,346144533766,France,android,контекстная реклама,2019-08-16 17:55:16,2019-08-16 18:40:34,2717.999999807216,2019-08-16,8,5,18,2019-08-16 17:55:16,4999.0,Cash,1.0,Вечер,yes,4499.1
549,588840798518,United States,Mac,organic,2019-08-16 16:46:22,2019-08-16 17:34:45,2902.999999676831,2019-08-16,8,5,17,2019-08-16 16:47:07,4999.0,E-wallet,0.0,Вечер,yes,4999.0
550,707107222528,Germany,android,реклама у блогеров,2019-08-16 04:38:07,2019-08-16 05:01:18,1391.0000001545995,2019-08-16,8,5,5,,0.0,,0.0,Ночь,no,0.0
551,755012215424,UК,PC,organic,2019-08-16 21:02:01,2019-08-16 21:59:21,3440.000000107102,2019-08-16,8,5,21,,0.0,,0.0,Вечер,no,0.0
552,182258665646,United States,android,социальные сети,2019-08-17 08:54:32,2019-08-17 09:20:00,1528.0000001192093,2019-08-17,8,6,9,,0.0,,0.0,Утро,no,0.0
553,392966631088,UК,iPhone,organic,2019-08-17 01:15:42,2019-08-17 01:44:48,1746.0000001592562,2019-08-17,8,6,1,,0.0,,0.0,Ночь,no,0.0
554,203321059012,United States,iPhone,социальные сети,2019-08-17 11:22:46,2019-08-17 11:36:07,800.9999999077991,2019-08-17,8,6,11,2019-08-17 11:22:46,5999.0,Debit card,0.0,День,yes,5999.0
555,375373200590,Germany,iPhone,контекстная реклама,2019-08-17 10:54:11,2019-08-17 11:56:28,3737.000000383705,2019-08-17,8,6,11,2019-08-17 10:54:56,4999.0,Credit card,1.0,День,yes,4499.1
556,407172662720,UК,iPhone,контекстная реклама,2019-08-17 02:42:24,2019-08-17 04:55:46,8001.999999722466,2019-08-17,8,6,4,2019-08-17 02:43:32,4999.0,E-wallet,1.0,Ночь,yes,4499.1
557,414735060190,Germany,PC,контекстная реклама,2019-08-17 08:15:33,2019-08-17 08:33:07,1053.9999999571592,2019-08-17,8,6,8,2019-08-17 08:15:33,5999.0,Mobile payments,0.0,Утро,yes,5999.0
558,632186207840,United States,Mac,социальные сети,2019-08-17 17:48:06,2019-08-17 18:32:29,2662.999999523163,2019-08-17,8,6,18,,0.0,,0.0,Вечер,no,0.0
559,692268727717,United States,android,organic,2019-08-17 21:30:17,2019-08-17 21:36:21,364.0000002225861,2019-08-17,8,6,21,2019-08-17 21:30:17,4999.0,Credit card,0.0,Вечер,yes,4999.0
560,754048070624,United States,Mac,социальные сети,2019-08-17 04:35:11,2019-08-17 05:03:28,1697.000000020489,2019-08-17,8,6,5,2019-08-17 04:35:33,4999.0,Cash,0.0,Ночь,yes,4999.0
561,851042336615,United States,android,organic,2019-08-17 12:41:39,2019-08-17 13:01:05,1165.9999997355044,2019-08-17,8,6,13,2019-08-17 12:41:39,4999.0,E-wallet,0.0,День,yes,4999.0
562,818379615602,United States,iPhone,социальные сети,2019-08-17 01:25:42,2019-08-17 01:47:52,1329.9999997252598,2019-08-17,8,6,1,,0.0,,0.0,Ночь,no,0.0
563,585536750332,United States,PC,социальные сети,2019-08-18 06:04:29,2019-08-18 06:27:22,1372.9999997187406,2019-08-18,8,7,6,,0.0,,0.0,Утро,no,0.0
564,61219447121,UК,PC,контекстная реклама,2019-08-18 08:16:27,2019-08-18 08:28:59,751.999999769032,2019-08-18,8,7,8,2019-08-18 08:16:33,4999.0,Cash,0.0,Утро,yes,4999.0
565,605704415590,United States,iPhone,organic,2019-08-18 22:49:31,2019-08-18 23:05:32,960.9999995911494,2019-08-18,8,7,23,2019-08-18 22:49:31,4999.0,Mobile payments,0.0,Ночь,yes,4999.0
566,56705500221,United States,iPhone,социальные сети,2019-08-19 03:21:54,2019-08-19 03:52:54,1860.000000405125,2019-08-19,8,1,3,,0.0,,0.0,Ночь,no,0.0
567,130139362495,United States,Mac,organic,2019-08-19 01:04:08,2019-08-19 01:29:01,1493.000000109896,2019-08-19,8,1,1,,0.0,,0.0,Ночь,no,0.0
568,333379827757,United States,PC,organic,2019-08-19 06:00:23,2019-08-19 06:54:23,3240.000000502914,2019-08-19,8,1,6,,0.0,,0.0,Утро,no,0.0
569,429345144434,United States,iPhone,organic,2019-08-19 17:18:52,2019-08-19 17:29:45,652.9999998863786,2019-08-19,8,1,17,,0.0,,0.0,Вечер,no,0.0
570,823318973984,United States,iPhone,organic,2019-08-19 23:10:39,2019-08-20 00:37:20,5201.000000000931,2019-08-19,8,1,0,,0.0,,0.0,Ночь,no,0.0
571,894006671567,United States,iPhone,социальные сети,2019-08-19 17:58:53,2019-08-19 18:22:52,1439.0000000596046,2019-08-19,8,1,18,,0.0,,0.0,Вечер,no,0.0
572,80181248178,United States,iPhone,социальные сети,2019-08-20 10:41:59,2019-08-20 10:50:17,497.99999948590994,2019-08-20,8,2,10,,0.0,,0.0,День,no,0.0
573,150257690198,Germany,android,реклама у блогеров,2019-08-20 16:39:29,2019-08-20 16:43:13,224.0000001853332,2019-08-20,8,2,16,,0.0,,0.0,День,no,0.0
574,313530915894,United States,iPhone,социальные сети,2019-08-20 11:48:26,2019-08-20 11:53:59,332.99999989103526,2019-08-20,8,2,11,,0.0,,0.0,День,no,0.0
575,407583424792,UК,iPhone,контекстная реклама,2019-08-20 00:15:41,2019-08-20 00:15:55,14.000000129453838,2019-08-20,8,2,0,,0.0,,0.0,Ночь,no,0.0
576,531999840824,United States,iPhone,organic,2019-08-20 19:06:06,2019-08-20 19:17:31,685.0000004516914,2019-08-20,8,2,19,,0.0,,0.0,Вечер,no,0.0
577,96132461350,Germany,android,контекстная реклама,2019-08-20 05:19:35,2019-08-20 05:20:32,57.00000012293458,2019-08-20,8,2,5,2019-08-20 05:19:35,4999.0,Cash,0.0,Ночь,yes,4999.0
578,964220489495,United States,android,социальные сети,2019-08-20 01:12:25,2019-08-20 01:21:25,540.0000005029142,2019-08-20,8,2,1,,0.0,,0.0,Ночь,no,0.0
579,991932331229,France,PC,organic,2019-08-20 21:03:43,2019-08-20 21:05:52,128.99999998044223,2019-08-20,8,2,21,,0.0,,0.0,Вечер,no,0.0
580,80614177402,France,PC,реклама у блогеров,2019-08-21 21:44:10,2019-08-21 22:43:46,3575.99999983795,2019-08-21,8,3,22,,0.0,,0.0,Ночь,no,0.0
581,350952146864,United States,iPhone,контекстная реклама,2019-08-21 09:21:31,2019-08-21 09:58:05,2193.99999990128,2019-08-21,8,3,9,,0.0,,0.0,Утро,no,0.0
582,351978770218,United States,Mac,социальные сети,2019-08-21 13:29:19,2019-08-21 13:42:39,800.0000003026798,2019-08-21,8,3,13,,0.0,,0.0,День,no,0.0
583,64474110919,United States,iPhone,organic,2019-08-21 16:00:16,2019-08-21 17:16:52,4596.000000019558,2019-08-21,8,3,17,2019-08-21 16:01:29,4999.0,Mobile payments,1.0,Вечер,yes,4499.1
584,604395592685,UК,android,контекстная реклама,2019-08-21 11:25:56,2019-08-21 12:40:42,4486.000000080094,2019-08-21,8,3,12,2019-08-21 11:26:40,4999.0,Credit card,0.0,День,yes,4999.0
585,308267602380,United States,iPhone,organic,2019-08-23 22:58:24,2019-08-23 23:43:58,2734.000000404194,2019-08-23,8,5,23,,0.0,,0.0,Ночь,no,0.0
586,466091223441,UК,iPhone,контекстная реклама,2019-08-23 07:56:59,2019-08-23 08:07:48,649.0000002086163,2019-08-23,8,5,8,,0.0,,0.0,Утро,no,0.0
587,30331279971,UК,iPhone,контекстная реклама,2019-08-23 22:54:08,2019-08-23 23:02:20,491.9999999692664,2019-08-23,8,5,23,2019-08-23 22:54:08,4999.0,E-wallet,1.0,Ночь,yes,4499.1
588,348172377750,UК,Mac,organic,2019-08-23 00:52:01,2019-08-23 01:13:21,1279.9999999813735,2019-08-23,8,5,1,2019-08-23 00:52:01,5999.0,Debit card,0.0,Ночь,yes,5999.0
589,542197446384,United States,android,социальные сети,2019-08-23 14:04:50,2019-08-23 14:21:12,982.0000000996516,2019-08-23,8,5,14,2019-08-23 14:04:50,5999.0,E-wallet,0.0,День,yes,5999.0
590,903265516613,UК,iPhone,organic,2019-08-23 18:23:32,2019-08-23 18:32:11,518.9999999944121,2019-08-23,8,5,18,2019-08-23 18:23:32,4999.0,Mobile payments,0.0,Вечер,yes,4999.0
591,746033622991,United States,android,социальные сети,2019-08-23 02:18:20,2019-08-23 04:10:31,6730.999999959022,2019-08-23,8,5,4,,0.0,,0.0,Ночь,no,0.0
592,285911036905,United States,android,социальные сети,2019-08-24 06:16:58,2019-08-24 06:52:21,2123.000000277534,2019-08-24,8,6,6,,0.0,,0.0,Утро,no,0.0
593,335664578015,United States,Mac,социальные сети,2019-08-24 08:00:58,2019-08-24 08:48:29,2851.000000094064,2019-08-24,8,6,8,,0.0,,0.0,Утро,no,0.0
594,357699967026,Germany,android,контекстная реклама,2019-08-24 06:34:08,2019-08-24 06:48:47,879.0000005392358,2019-08-24,8,6,6,,0.0,,0.0,Утро,no,0.0
595,309134690164,United States,android,контекстная реклама,2019-08-24 21:39:11,2019-08-24 22:18:50,2378.999999770894,2019-08-24,8,6,22,2019-08-24 21:39:11,5999.0,Mobile payments,1.0,Ночь,yes,5399.1
596,460646935774,United States,Mac,organic,2019-08-24 06:35:48,2019-08-24 08:29:30,6821.999999857508,2019-08-24,8,6,8,2019-08-24 06:35:48,4999.0,E-wallet,1.0,Утро,yes,4499.1
597,563507098634,United States,iPhone,organic,2019-08-24 05:58:32,2019-08-24 06:16:18,1065.999999619089,2019-08-24,8,6,6,2019-08-24 05:58:32,4999.0,Cash,0.0,Утро,yes,4999.0
598,369900688685,United States,android,социальные сети,2019-08-25 21:04:51,2019-08-25 21:06:17,85.99999998696148,2019-08-25,8,7,21,,0.0,,0.0,Вечер,no,0.0
599,16254498222,United States,iPhone,социальные сети,2019-08-25 13:21:44,2019-08-25 13:43:23,1299.0000000223515,2019-08-25,8,7,13,2019-08-25 13:21:55,4999.0,Cash,1.0,День,yes,4499.1
601,785900640539,United States,iPhone,organic,2019-08-25 00:26:42,2019-08-25 00:31:06,264.0000001061708,2019-08-25,8,7,0,,0.0,,0.0,Ночь,no,0.0
602,55762393176,France,PC,email-рассылки,2019-08-26 16:04:31,2019-08-26 16:21:01,989.9999994551764,2019-08-26,8,1,16,,0.0,,0.0,День,no,0.0
603,85716679814,United States,Mac,социальные сети,2019-08-26 04:34:58,2019-08-26 05:00:55,1556.9999999832362,2019-08-26,8,1,5,,0.0,,0.0,Ночь,no,0.0
604,374983373187,Germany,iPhone,контекстная реклама,2019-08-26 22:58:31,2019-08-26 23:20:51,1339.9999995483086,2019-08-26,8,1,23,,0.0,,0.0,Ночь,no,0.0
605,394226230614,United States,iPhone,социальные сети,2019-08-26 14:50:12,2019-08-26 15:03:12,780.0000000279397,2019-08-26,8,1,15,,0.0,,0.0,День,no,0.0
606,581883898175,UК,android,контекстная реклама,2019-08-26 10:44:31,2019-08-26 11:42:10,3459.0000001480803,2019-08-26,8,1,11,2019-08-26 10:45:27,4999.0,Mobile payments,0.0,День,yes,4999.0
607,586790359390,United States,iPhone,социальные сети,2019-08-26 01:55:54,2019-08-26 02:39:47,2633.0000000540167,2019-08-26,8,1,2,2019-08-26 01:56:32,4999.0,Debit card,0.0,Ночь,yes,4999.0
608,681837779812,United States,android,социальные сети,2019-08-26 04:14:53,2019-08-26 04:17:40,167.0000000623986,2019-08-26,8,1,4,,0.0,,0.0,Ночь,no,0.0
609,730258824285,United States,android,социальные сети,2019-08-26 14:02:45,2019-08-26 14:54:35,3110.00000028871,2019-08-26,8,1,14,,0.0,,0.0,День,no,0.0
610,761958913909,United States,Mac,социальные сети,2019-08-26 16:18:45,2019-08-26 16:41:33,1367.9999998072162,2019-08-26,8,1,16,,0.0,,0.0,День,no,0.0
611,8547664557,United States,android,социальные сети,2019-08-27 05:54:55,2019-08-27 06:07:57,782.0000004954636,2019-08-27,8,2,6,,0.0,,0.0,Утро,no,0.0
612,187367217216,United States,Mac,organic,2019-08-27 21:45:00,2019-08-27 22:17:33,1953.0000001424924,2019-08-27,8,2,22,,0.0,,0.0,Ночь,no,0.0
613,391722954913,United States,PC,organic,2019-08-27 17:06:54,2019-08-27 17:09:52,178.0000001192093,2019-08-27,8,2,17,,0.0,,0.0,Вечер,no,0.0
614,702433908431,United States,Mac,organic,2019-08-27 15:42:41,2019-08-27 15:56:54,852.9999994905666,2019-08-27,8,2,15,,0.0,,0.0,День,no,0.0
615,729546259446,United States,iPhone,социальные сети,2019-08-27 15:03:40,2019-08-27 15:54:26,3046.00000041537,2019-08-27,8,2,15,,0.0,,0.0,День,no,0.0
616,732000481080,United States,Mac,социальные сети,2019-08-27 06:07:42,2019-08-27 06:34:10,1588.000000314787,2019-08-27,8,2,6,,0.0,,0.0,Утро,no,0.0
617,941723839290,France,android,реклама у блогеров,2019-08-27 06:54:10,2019-08-27 08:14:41,4831.000000261702,2019-08-27,8,2,8,,0.0,,0.0,Утро,no,0.0
618,408519737399,United States,iPhone,контекстная реклама,2019-08-28 21:05:20,2019-08-28 21:36:22,1862.0000002440063,2019-08-28,8,3,21,,0.0,,0.0,Вечер,no,0.0
619,35088402274,Germany,android,реклама у блогеров,2019-08-28 22:32:01,2019-08-28 22:46:59,897.9999999515712,2019-08-28,8,3,22,2019-08-28 22:32:01,5999.0,Mobile payments,1.0,Ночь,yes,5399.1
620,295421553783,United States,android,контекстная реклама,2019-08-28 09:21:59,2019-08-28 09:36:11,851.9999998854473,2019-08-28,8,3,9,2019-08-28 09:21:59,4999.0,Cash,1.0,Утро,yes,4499.1
621,947934733232,United States,android,organic,2019-08-28 01:40:06,2019-08-28 01:58:41,1114.999999757856,2019-08-28,8,3,1,2019-08-28 01:40:06,4999.0,Cash,0.0,Ночь,yes,4999.0
622,694192181867,United States,android,социальные сети,2019-08-28 22:43:38,2019-08-28 22:53:30,592.0000000856817,2019-08-28,8,3,22,,0.0,,0.0,Ночь,no,0.0
623,763481268436,France,Mac,контекстная реклама,2019-08-28 12:01:07,2019-08-28 14:25:18,1217.9999999469146,2019-08-28,8,3,14,,0.0,,0.0,День,no,0.0
624,838602758863,UК,PC,контекстная реклама,2019-08-28 12:58:14,2019-08-28 13:46:08,2873.999999812804,2019-08-28,8,3,13,,0.0,,0.0,День,no,0.0
625,44648457127,United States,iPhone,реклама у блогеров,2019-08-29 16:08:58,2019-08-29 16:10:44,106.00000026170164,2019-08-29,8,4,16,,0.0,,0.0,День,no,0.0
626,498456178749,United States,Mac,социальные сети,2019-08-29 01:09:32,2019-08-29 01:10:57,84.99999975319952,2019-08-29,8,4,1,,0.0,,0.0,Ночь,no,0.0
627,34240279263,Germany,PC,organic,2019-08-29 11:20:22,2019-08-29 13:15:43,6921.000000368804,2019-08-29,8,4,13,2019-08-29 11:21:49,4999.0,E-wallet,1.0,День,yes,4499.1
628,833047609291,United States,Mac,социальные сети,2019-08-29 04:11:05,2019-08-29 04:21:08,603.0000001424924,2019-08-29,8,4,4,,0.0,,0.0,Ночь,no,0.0
629,263453287077,United States,iPhone,реклама у блогеров,2019-08-30 10:36:07,2019-08-30 11:38:17,3730.0000000046566,2019-08-30,8,5,11,,0.0,,0.0,День,no,0.0
630,263820616634,France,android,email-рассылки,2019-08-30 21:29:08,2019-08-30 22:14:11,2703.000000072643,2019-08-30,8,5,22,,0.0,,0.0,Ночь,no,0.0
631,296644520295,France,iPhone,email-рассылки,2019-08-30 17:51:47,2019-08-30 18:07:00,913.000000314787,2019-08-30,8,5,18,,0.0,,0.0,Вечер,no,0.0
632,448198261554,Germany,iPhone,контекстная реклама,2019-08-30 22:02:37,2019-08-30 22:23:42,1265.0000002468005,2019-08-30,8,5,22,,0.0,,0.0,Ночь,no,0.0
633,151167657493,United States,android,социальные сети,2019-08-30 21:10:41,2019-08-30 21:50:02,2360.9999999636784,2019-08-30,8,5,21,2019-08-30 21:11:16,4999.0,E-wallet,1.0,Вечер,yes,4499.1
634,258129733551,United States,iPhone,социальные сети,2019-08-30 19:57:54,2019-08-30 20:27:55,1800.9999998146668,2019-08-30,8,5,20,2019-08-30 19:57:54,4999.0,E-wallet,0.0,Вечер,yes,4999.0
635,160851024579,United States,android,контекстная реклама,2019-08-31 16:05:38,2019-08-31 16:46:56,2477.999999653548,2019-08-31,8,6,16,,0.0,,0.0,День,no,0.0
636,269644916759,United States,iPhone,organic,2019-08-31 16:31:56,2019-08-31 18:00:40,5323.999999836087,2019-08-31,8,6,18,,0.0,,0.0,Вечер,no,0.0
637,544976012349,United States,android,социальные сети,2019-08-31 07:50:25,2019-08-31 07:57:29,424.00000041816384,2019-08-31,8,6,7,,0.0,,0.0,Утро,no,0.0
638,600175754789,United States,iPhone,социальные сети,2019-08-31 06:10:14,2019-08-31 06:11:52,97.9999996488914,2019-08-31,8,6,6,,0.0,,0.0,Утро,no,0.0
639,812747035878,Germany,iPhone,реклама у блогеров,2019-08-31 10:02:55,2019-08-31 10:13:16,620.9999999497086,2019-08-31,8,6,10,,0.0,,0.0,День,no,0.0
640,979729051361,United States,PC,organic,2019-08-31 06:57:02,2019-08-31 07:01:40,277.9999996069819,2019-08-31,8,6,7,,0.0,,0.0,Утро,no,0.0
641,87128524893,United States,iPhone,социальные сети,2019-09-01 04:27:33,2019-09-01 04:50:57,1404.0000000502914,2019-09-01,9,7,4,,0.0,,0.0,Ночь,no,0.0
642,278646609809,United States,android,социальные сети,2019-09-01 19:25:54,2019-09-01 19:57:10,1876.0000003734604,2019-09-01,9,7,19,,0.0,,0.0,Вечер,no,0.0
643,382964243304,United States,android,социальные сети,2019-09-01 09:23:35,2019-09-01 09:38:44,909.000000008382,2019-09-01,9,7,9,,0.0,,0.0,Утро,no,0.0
644,964275013384,United States,Mac,социальные сети,2019-09-01 15:58:57,2019-09-01 16:11:31,753.9999996079132,2019-09-01,9,7,16,,0.0,,0.0,День,no,0.0
645,84861286132,United States,iPhone,социальные сети,2019-09-02 05:36:06,2019-09-02 05:53:49,1063.0000001750886,2019-09-02,9,1,5,,0.0,,0.0,Ночь,no,0.0
646,154194711602,United States,iPhone,социальные сети,2019-09-02 04:45:42,2019-09-02 05:23:21,2259.000000008382,2019-09-02,9,1,5,,0.0,,0.0,Ночь,no,0.0
647,260686505180,France,Mac,контекстная реклама,2019-09-02 21:17:59,2019-09-02 22:07:04,2945.0000000651926,2019-09-02,9,1,22,,0.0,,0.0,Ночь,no,0.0
648,552724725739,UК,android,контекстная реклама,2019-09-02 23:33:10,2019-09-02 23:40:33,442.9999998304993,2019-09-02,9,1,23,2019-09-02 23:33:14,4999.0,Cash,0.0,Ночь,yes,4999.0
649,258245295906,United States,android,organic,2019-09-03 02:20:59,2019-09-03 02:27:08,368.9999995054677,2019-09-03,9,2,2,,0.0,,0.0,Ночь,no,0.0
650,607934286484,United States,Mac,социальные сети,2019-09-03 04:59:53,2019-09-03 05:12:20,746.9999998575076,2019-09-03,9,2,5,,0.0,,0.0,Ночь,no,0.0
651,631499838201,UК,PC,реклама у блогеров,2019-09-03 22:38:59,2019-09-03 22:53:50,890.9999995725229,2019-09-03,9,2,22,,0.0,,0.0,Ночь,no,0.0
652,427486793654,France,android,email-рассылки,2019-09-03 06:02:54,2019-09-03 07:00:02,3428.000000445172,2019-09-03,9,2,7,2019-09-03 06:03:39,4999.0,Debit card,1.0,Утро,yes,4499.1
653,13178345098,United States,iPhone,реклама у блогеров,2019-09-04 08:22:56,2019-09-04 08:34:30,694.0000000409782,2019-09-04,9,3,8,,0.0,,0.0,Утро,no,0.0
654,288031285165,United States,iPhone,organic,2019-09-04 23:13:21,2019-09-04 23:13:25,3.999999677762389,2019-09-04,9,3,23,,0.0,,0.0,Ночь,no,0.0
655,364819225819,UК,PC,контекстная реклама,2019-09-04 15:39:33,2019-09-04 15:51:52,738.9999998733401,2019-09-04,9,3,15,,0.0,,0.0,День,no,0.0
656,466162740938,United States,PC,социальные сети,2019-09-04 16:56:33,2019-09-04 16:58:33,119.99999976251274,2019-09-04,9,3,16,,0.0,,0.0,День,no,0.0
657,714641884579,United States,iPhone,organic,2019-09-04 16:39:15,2019-09-04 16:55:29,973.9999994868411,2019-09-04,9,3,16,2019-09-04 16:39:28,4999.0,E-wallet,0.0,День,yes,4999.0
658,374331398281,United States,Mac,социальные сети,2019-09-05 12:38:02,2019-09-05 12:45:42,460.0000000325963,2019-09-05,9,4,12,,0.0,,0.0,День,no,0.0
659,804045179159,United States,iPhone,organic,2019-09-05 16:35:14,2019-09-05 16:35:19,4.999999911524355,2019-09-05,9,4,16,,0.0,,0.0,День,no,0.0
660,809868350854,Germany,PC,organic,2019-09-06 14:36:12,2019-09-06 14:39:31,198.99999999906868,2019-09-06,9,5,14,,0.0,,0.0,День,no,0.0
661,887756709663,United States,Mac,социальные сети,2019-09-06 21:49:10,2019-09-06 22:26:25,2235.00000005588,2019-09-06,9,5,22,,0.0,,0.0,Ночь,no,0.0
662,279136025725,United States,iPhone,organic,2019-09-07 09:39:16,2019-09-07 09:49:21,604.9999999813735,2019-09-07,9,6,9,,0.0,,0.0,Утро,no,0.0
663,319750791188,United States,android,социальные сети,2019-09-07 07:32:55,2019-09-07 07:49:07,971.99999964796,2019-09-07,9,6,7,2019-09-07 07:32:55,4999.0,Mobile payments,0.0,Утро,yes,4999.0
664,378901880930,France,Mac,реклама у блогеров,2019-09-07 15:57:34,2019-09-07 16:17:55,1221.0000000195578,2019-09-07,9,6,16,2019-09-07 15:57:34,4999.0,Mobile payments,0.0,День,yes,4999.0
665,701227360378,United States,Mac,социальные сети,2019-09-07 06:03:00,2019-09-07 06:04:15,74.9999999301508,2019-09-07,9,6,6,2019-09-07 06:03:00,4999.0,Mobile payments,0.0,Утро,yes,4999.0
666,992981283606,United States,iPhone,organic,2019-09-07 14:38:52,2019-09-07 15:21:58,2585.999999754131,2019-09-07,9,6,15,,0.0,,0.0,День,no,0.0
667,42935159970,United States,android,социальные сети,2019-09-08 12:35:46,2019-09-08 14:07:01,5474.999999930151,2019-09-08,9,7,14,,0.0,,0.0,День,no,0.0
668,449229885716,United States,Mac,социальные сети,2019-09-08 01:18:11,2019-09-08 01:46:27,1695.9999997867271,2019-09-08,9,7,1,,0.0,,0.0,Ночь,no,0.0
669,562120912990,UК,android,контекстная реклама,2019-09-08 01:55:04,2019-09-08 02:03:26,501.9999997923151,2019-09-08,9,7,2,,0.0,,0.0,Ночь,no,0.0
670,633748058885,France,iPhone,organic,2019-09-08 15:10:55,2019-09-08 15:29:01,1086.000000522472,2019-09-08,9,7,15,,0.0,,0.0,День,no,0.0
671,111290391554,United States,iPhone,социальные сети,2019-09-08 17:00:46,2019-09-08 17:30:33,1786.999999685213,2019-09-08,9,7,17,2019-09-08 17:01:03,4999.0,Credit card,1.0,Вечер,yes,4499.1
672,265040353365,United States,android,социальные сети,2019-09-08 12:56:50,2019-09-08 13:33:10,2179.999999771826,2019-09-08,9,7,13,2019-09-08 12:56:50,4999.0,Cash,1.0,День,yes,4499.1
673,338160314730,United States,android,социальные сети,2019-09-08 22:50:50,2019-09-08 22:54:38,227.9999998630956,2019-09-08,9,7,22,2019-09-08 22:50:50,4999.0,Cash,0.0,Ночь,yes,4999.0
674,831884115412,United States,iPhone,социальные сети,2019-09-08 08:31:14,2019-09-08 09:28:22,3427.999999816529,2019-09-08,9,7,9,2019-09-08 08:31:14,5999.0,Mobile payments,0.0,Утро,yes,5999.0
675,888816589882,United States,PC,социальные сети,2019-09-08 23:00:06,2019-09-08 23:03:26,200.00000023283064,2019-09-08,9,7,23,2019-09-08 23:00:06,4999.0,Cash,0.0,Ночь,yes,4999.0
676,895543347477,Germany,android,реклама у блогеров,2019-09-08 23:27:46,2019-09-09 00:23:22,3336.0000003129244,2019-09-08,9,7,0,,0.0,,0.0,Ночь,no,0.0
677,49540042029,United States,PC,organic,2019-09-09 02:18:29,2019-09-09 02:37:31,1142.0000004116446,2019-09-09,9,1,2,,0.0,,0.0,Ночь,no,0.0
678,197616515836,France,iPhone,email-рассылки,2019-09-09 22:47:54,2019-09-09 23:36:42,2927.999999863096,2019-09-09,9,1,23,,0.0,,0.0,Ночь,no,0.0
679,280350485857,France,PC,organic,2019-09-09 20:45:53,2019-09-09 20:57:53,719.9999998323619,2019-09-09,9,1,20,,0.0,,0.0,Вечер,no,0.0
680,705829990404,Germany,android,реклама у блогеров,2019-09-09 23:51:42,2019-09-10 00:00:36,534.0000003576279,2019-09-09,9,1,0,,0.0,,0.0,Ночь,no,0.0
681,738321500412,United States,iPhone,organic,2019-09-09 16:57:11,2019-09-09 17:06:50,578.9999995613471,2019-09-09,9,1,17,,0.0,,0.0,Вечер,no,0.0
682,955337308647,United States,PC,organic,2019-09-09 05:46:37,2019-09-09 05:53:50,433.0000000074506,2019-09-09,9,1,5,,0.0,,0.0,Ночь,no,0.0
683,400033195008,United States,iPhone,социальные сети,2019-09-10 11:55:08,2019-09-10 11:55:32,23.99999995250255,2019-09-10,9,2,11,,0.0,,0.0,День,no,0.0
684,471830394351,Germany,android,реклама у блогеров,2019-09-10 10:36:02,2019-09-10 10:39:42,220.0000005075708,2019-09-10,9,2,10,,0.0,,0.0,День,no,0.0
685,538343729315,United States,android,organic,2019-09-10 19:30:40,2019-09-10 19:32:21,101.00000035017727,2019-09-10,9,2,19,,0.0,,0.0,Вечер,no,0.0
686,632186207840,United States,Mac,социальные сети,2019-09-10 07:21:58,2019-09-10 07:45:43,1424.9999999301508,2019-09-10,9,2,7,,0.0,,0.0,Утро,no,0.0
687,658570299809,France,Mac,контекстная реклама,2019-09-10 07:37:26,2019-09-10 08:23:26,2760.0000001955777,2019-09-10,9,2,8,2019-09-10 07:38:06,4999.0,Mobile payments,0.0,Утро,yes,4999.0
688,765465149731,United States,PC,социальные сети,2019-09-10 05:16:05,2019-09-10 05:23:07,421.9999999506399,2019-09-10,9,2,5,,0.0,,0.0,Ночь,no,0.0
689,797668348695,France,PC,контекстная реклама,2019-09-10 18:35:34,2019-09-10 18:39:38,244.00000046007332,2019-09-10,9,2,18,,0.0,,0.0,Вечер,no,0.0
690,890936088008,Germany,PC,контекстная реклама,2019-09-10 10:11:50,2019-09-10 10:31:56,1206.0000002849847,2019-09-10,9,2,10,,0.0,,0.0,День,no,0.0
691,191229976798,UК,android,контекстная реклама,2019-09-11 21:23:48,2019-09-11 22:25:38,3709.999999729917,2019-09-11,9,3,22,,0.0,,0.0,Ночь,no,0.0
692,193506012478,United States,PC,organic,2019-09-11 21:34:10,2019-09-11 21:39:11,300.9999999543652,2019-09-11,9,3,21,,0.0,,0.0,Вечер,no,0.0
693,265806647343,United States,Mac,социальные сети,2019-09-11 20:47:58,2019-09-11 20:49:19,81.00000007543713,2019-09-11,9,3,20,,0.0,,0.0,Вечер,no,0.0
694,603577499260,United States,iPhone,organic,2019-09-11 08:38:40,2019-09-11 09:01:31,1370.9999998798594,2019-09-11,9,3,9,,0.0,,0.0,Утро,no,0.0
695,683307056497,France,Mac,organic,2019-09-11 00:00:44,2019-09-11 00:23:52,1388.0000000819564,2019-09-11,9,3,0,,0.0,,0.0,Ночь,no,0.0
696,202188663594,United States,Mac,социальные сети,2019-09-11 05:24:24,2019-09-11 05:51:06,1602.0000004442409,2019-09-11,9,3,5,2019-09-11 05:24:44,4999.0,Debit card,1.0,Ночь,yes,4499.1
697,742121917940,Germany,iPhone,контекстная реклама,2019-09-11 10:06:38,2019-09-11 10:47:11,2433.000000449829,2019-09-11,9,3,10,,0.0,,0.0,День,no,0.0
698,907739671520,United States,iPhone,социальные сети,2019-09-11 09:47:44,2019-09-11 09:50:35,170.999999740161,2019-09-11,9,3,9,,0.0,,0.0,Утро,no,0.0
699,972380712692,United States,Mac,реклама у блогеров,2019-09-11 19:14:19,2019-09-11 19:38:14,1434.9999997531995,2019-09-11,9,3,19,,0.0,,0.0,Вечер,no,0.0
700,79527679952,UК,PC,контекстная реклама,2019-09-12 19:21:51,2019-09-12 19:53:45,1913.999999826774,2019-09-12,9,4,19,,0.0,,0.0,Вечер,no,0.0
701,624494437181,France,PC,контекстная реклама,2019-09-12 00:09:01,2019-09-12 00:51:03,2521.9999998807907,2019-09-12,9,4,0,,0.0,,0.0,Ночь,no,0.0
702,63074294855,UК,android,реклама у блогеров,2019-09-13 11:46:31,2019-09-13 11:54:35,483.9999999850989,2019-09-13,9,5,11,,0.0,,0.0,День,no,0.0
703,569417819696,United States,Mac,organic,2019-09-13 11:47:17,2019-09-13 11:54:59,461.9999998714775,2019-09-13,9,5,11,,0.0,,0.0,День,no,0.0
704,278442718684,Germany,iPhone,контекстная реклама,2019-09-13 05:11:59,2019-09-13 05:40:31,1712.000000383705,2019-09-13,9,5,5,2019-09-13 05:12:15,4999.0,E-wallet,0.0,Ночь,yes,4999.0
705,981563030177,United States,android,organic,2019-09-13 15:38:15,2019-09-13 16:05:25,1629.999999445863,2019-09-13,9,5,16,,0.0,,0.0,День,no,0.0
706,23646804858,United States,PC,контекстная реклама,2019-09-14 04:47:12,2019-09-14 06:41:39,6867.000000318512,2019-09-14,9,6,6,,0.0,,0.0,Утро,no,0.0
707,155268750842,United States,android,социальные сети,2019-09-14 06:14:30,2019-09-14 06:48:10,2020.000000088476,2019-09-14,9,6,6,,0.0,,0.0,Утро,no,0.0
708,244209286603,Germany,Mac,контекстная реклама,2019-09-14 20:12:32,2019-09-14 20:54:10,2497.999999928288,2019-09-14,9,6,20,,0.0,,0.0,Вечер,no,0.0
709,409235803929,United States,Mac,реклама у блогеров,2019-09-14 13:43:30,2019-09-14 13:50:14,404.0000001434237,2019-09-14,9,6,13,,0.0,,0.0,День,no,0.0
710,518749136272,United States,PC,социальные сети,2019-09-14 03:57:25,2019-09-14 04:08:26,660.9999998705462,2019-09-14,9,6,4,,0.0,,0.0,Ночь,no,0.0
711,588321514346,United States,PC,organic,2019-09-14 17:46:17,2019-09-14 17:49:12,175.00000004656613,2019-09-14,9,6,17,,0.0,,0.0,Вечер,no,0.0
712,333982935720,United States,android,organic,2019-09-14 06:35:02,2019-09-14 07:07:57,1975.0000002561137,2019-09-14,9,6,7,2019-09-14 06:35:02,4999.0,Cash,1.0,Утро,yes,4499.1
713,873773748256,Germany,android,контекстная реклама,2019-09-14 06:50:33,2019-09-14 06:51:15,42.00000038836152,2019-09-14,9,6,6,2019-09-14 06:50:33,4999.0,E-wallet,0.0,Утро,yes,4999.0
714,480940002702,United States,PC,социальные сети,2019-09-15 13:21:42,2019-09-15 14:03:44,2521.9999998807907,2019-09-15,9,7,14,,0.0,,0.0,День,no,0.0
715,630371805535,United States,android,социальные сети,2019-09-15 14:34:49,2019-09-15 14:52:08,1039.000000222586,2019-09-15,9,7,14,,0.0,,0.0,День,no,0.0
716,104805743749,United States,Mac,социальные сети,2019-09-15 18:17:15,2019-09-15 18:24:57,461.9999998714775,2019-09-15,9,7,18,2019-09-15 18:17:15,5999.0,Credit card,1.0,Вечер,yes,5399.1
717,254382536419,United States,android,социальные сети,2019-09-15 08:50:01,2019-09-15 09:01:02,660.9999998705462,2019-09-15,9,7,9,2019-09-15 08:50:09,4999.0,Debit card,1.0,Утро,yes,4499.1
718,967324426242,United States,Mac,organic,2019-09-15 11:43:56,2019-09-15 14:04:07,8411.000000406057,2019-09-15,9,7,14,2019-09-15 11:43:56,5999.0,Mobile payments,0.0,День,yes,5999.0
719,792819817196,United States,iPhone,социальные сети,2019-09-15 21:46:58,2019-09-15 23:00:28,4409.999999916181,2019-09-15,9,7,23,,0.0,,0.0,Ночь,no,0.0
720,824829704508,France,PC,контекстная реклама,2019-09-15 16:21:10,2019-09-15 17:00:08,2338.000000244938,2019-09-15,9,7,17,,0.0,,0.0,Вечер,no,0.0
721,971211573463,UК,iPhone,organic,2019-09-15 12:17:08,2019-09-15 12:23:46,397.99999999813735,2019-09-15,9,7,12,,0.0,,0.0,День,no,0.0
722,146558772085,United States,iPhone,социальные сети,2019-09-16 02:57:15,2019-09-16 03:13:36,981.0000004945324,2019-09-16,9,1,3,,0.0,,0.0,Ночь,no,0.0
723,177630332685,United States,iPhone,социальные сети,2019-09-16 13:12:17,2019-09-16 13:13:19,62.000000034458935,2019-09-16,9,1,13,,0.0,,0.0,День,no,0.0
724,599650207885,United States,PC,социальные сети,2019-09-16 05:17:28,2019-09-16 06:12:01,3273.0000000447035,2019-09-16,9,1,6,,0.0,,0.0,Утро,no,0.0
725,661932463505,UК,android,контекстная реклама,2019-09-16 20:56:52,2019-09-16 21:53:31,3398.9999999525025,2019-09-16,9,1,21,,0.0,,0.0,Вечер,no,0.0
726,738539355904,United States,iPhone,социальные сети,2019-09-16 02:48:08,2019-09-16 03:05:15,1026.9999999320137,2019-09-16,9,1,3,,0.0,,0.0,Ночь,no,0.0
727,826254348390,United States,iPhone,социальные сети,2019-09-16 13:47:17,2019-09-16 14:05:36,1099.0000004181638,2019-09-16,9,1,14,2019-09-16 13:47:35,4999.0,E-wallet,0.0,День,yes,4999.0
728,815964881151,United States,iPhone,социальные сети,2019-09-16 22:24:52,2019-09-16 22:33:48,535.9999995678663,2019-09-16,9,1,22,,0.0,,0.0,Ночь,no,0.0
729,992077029869,France,iPhone,контекстная реклама,2019-09-16 03:22:33,2019-09-16 03:46:40,1447.0000000437722,2019-09-16,9,1,3,,0.0,,0.0,Ночь,no,0.0
730,98034085786,United States,iPhone,социальные сети,2019-09-17 15:59:24,2019-09-17 16:25:43,1579.0000000968575,2019-09-17,9,2,16,,0.0,,0.0,День,no,0.0
731,136976518008,United States,Mac,социальные сети,2019-09-17 18:11:18,2019-09-17 18:13:28,130.0000002142042,2019-09-17,9,2,18,,0.0,,0.0,Вечер,no,0.0
732,510140844817,United States,Mac,социальные сети,2019-09-17 18:14:06,2019-09-17 18:23:17,551.0000005597249,2019-09-17,9,2,18,,0.0,,0.0,Вечер,no,0.0
733,589413728005,UК,android,контекстная реклама,2019-09-17 05:41:55,2019-09-17 06:26:09,2654.000000562519,2019-09-17,9,2,6,,0.0,,0.0,Утро,no,0.0
734,600141973606,France,PC,реклама у блогеров,2019-09-17 09:52:10,2019-09-17 10:29:33,2243.000000040047,2019-09-17,9,2,10,,0.0,,0.0,День,no,0.0
735,604502285911,France,PC,реклама у блогеров,2019-09-17 07:26:45,2019-09-17 08:28:00,3674.9999997206032,2019-09-17,9,2,8,,0.0,,0.0,Утро,no,0.0
736,622687659517,France,iPhone,контекстная реклама,2019-09-17 08:32:57,2019-09-17 08:51:15,1097.9999995557591,2019-09-17,9,2,8,2019-09-17 08:33:10,4999.0,Credit card,0.0,Утро,yes,4999.0
737,813652446312,United States,Mac,organic,2019-09-17 08:31:40,2019-09-17 09:42:35,4255.000000144355,2019-09-17,9,2,9,2019-09-17 08:32:44,4999.0,Mobile payments,0.0,Утро,yes,4999.0
738,899792236807,United States,iPhone,социальные сети,2019-09-17 21:25:14,2019-09-17 21:40:12,897.9999999515712,2019-09-17,9,2,21,,0.0,,0.0,Вечер,no,0.0
739,792562334011,United States,android,organic,2019-09-18 08:39:54,2019-09-18 08:45:28,334.0000001247972,2019-09-18,9,3,8,,0.0,,0.0,Утро,no,0.0
740,44895746770,United States,iPhone,социальные сети,2019-09-19 19:39:05,2019-09-19 20:07:15,1690.0000002700835,2019-09-19,9,4,20,,0.0,,0.0,Вечер,no,0.0
741,494345491586,UК,PC,реклама у блогеров,2019-09-19 14:26:26,2019-09-19 14:27:47,81.00000007543713,2019-09-19,9,4,14,,0.0,,0.0,День,no,0.0
742,659679395496,United States,iPhone,organic,2019-09-19 18:13:19,2019-09-19 18:36:31,1391.9999997597188,2019-09-19,9,4,18,,0.0,,0.0,Вечер,no,0.0
743,854185769578,United States,Mac,реклама у блогеров,2019-09-19 10:23:37,2019-09-19 10:36:27,770.000000204891,2019-09-19,9,4,10,,0.0,,0.0,День,no,0.0
744,991114456015,UК,Mac,organic,2019-09-19 11:02:01,2019-09-19 11:27:22,1520.999999740161,2019-09-19,9,4,11,,0.0,,0.0,День,no,0.0
745,188166210476,United States,Mac,социальные сети,2019-09-20 02:58:51,2019-09-20 03:28:43,1791.999999596737,2019-09-20,9,5,3,,0.0,,0.0,Ночь,no,0.0
746,289038368225,United States,iPhone,социальные сети,2019-09-20 23:25:29,2019-09-20 23:41:32,963.0000000586732,2019-09-20,9,5,23,,0.0,,0.0,Ночь,no,0.0
747,585137629920,Germany,PC,контекстная реклама,2019-09-20 08:25:08,2019-09-20 08:53:33,1705.0000000046566,2019-09-20,9,5,8,,0.0,,0.0,Утро,no,0.0
748,599415783250,Germany,Mac,organic,2019-09-20 10:12:22,2019-09-20 10:44:08,1906.0000004712488,2019-09-20,9,5,10,,0.0,,0.0,День,no,0.0
749,356188441325,United States,iPhone,organic,2019-09-20 03:57:34,2019-09-20 05:26:07,5312.999999779277,2019-09-20,9,5,5,2019-09-20 03:57:34,4999.0,Debit card,0.0,Ночь,yes,4999.0
750,678204413400,United States,iPhone,organic,2019-09-20 22:13:26,2019-09-20 22:23:27,600.9999996749684,2019-09-20,9,5,22,2019-09-20 22:13:26,5999.0,E-wallet,0.0,Ночь,yes,5999.0
751,726705301106,Germany,iPhone,реклама у блогеров,2019-09-20 23:05:43,2019-09-20 23:15:33,590.0000002468005,2019-09-20,9,5,23,2019-09-20 23:05:43,5999.0,Mobile payments,0.0,Ночь,yes,5999.0
752,831910821615,United States,Mac,organic,2019-09-20 23:33:24,2019-09-20 23:50:19,1015.0000002700835,2019-09-20,9,5,23,,0.0,,0.0,Ночь,no,0.0
753,450831451677,United States,Mac,социальные сети,2019-09-21 11:15:21,2019-09-21 11:45:23,1802.0000000484288,2019-09-21,9,6,11,,0.0,,0.0,День,no,0.0
754,735629109487,Germany,PC,контекстная реклама,2019-09-21 08:14:46,2019-09-21 08:19:19,273.00000032410026,2019-09-21,9,6,8,,0.0,,0.0,Утро,no,0.0
755,547426478626,United States,PC,реклама у блогеров,2019-09-21 17:02:01,2019-09-21 17:02:10,8.999999589286745,2019-09-21,9,6,17,2019-09-21 17:02:01,4999.0,Cash,0.0,Вечер,yes,4999.0
756,808442377556,United States,android,социальные сети,2019-09-21 20:22:42,2019-09-21 20:43:10,1228.000000398606,2019-09-21,9,6,20,,0.0,,0.0,Вечер,no,0.0
757,511163218639,France,android,контекстная реклама,2019-09-22 13:03:07,2019-09-22 13:48:32,2725.0000001862645,2019-09-22,9,7,13,,0.0,,0.0,День,no,0.0
758,629124472037,Germany,iPhone,контекстная реклама,2019-09-22 04:30:27,2019-09-22 04:54:27,1439.999999664724,2019-09-22,9,7,4,,0.0,,0.0,Ночь,no,0.0
759,729987846621,United States,Mac,organic,2019-09-22 22:50:49,2019-09-22 23:00:05,555.9999998426065,2019-09-22,9,7,23,,0.0,,0.0,Ночь,no,0.0
760,780919195168,United States,Mac,социальные сети,2019-09-22 00:18:18,2019-09-22 01:23:14,3895.999999833293,2019-09-22,9,7,1,,0.0,,0.0,Ночь,no,0.0
761,861620587155,United States,iPhone,социальные сети,2019-09-22 10:54:42,2019-09-22 13:38:14,1217.9999999469146,2019-09-22,9,7,13,,0.0,,0.0,День,no,0.0
762,975268164103,United States,iPhone,социальные сети,2019-09-22 09:20:56,2019-09-22 09:46:01,1504.999999771826,2019-09-22,9,7,9,,0.0,,0.0,Утро,no,0.0
763,214679594363,United States,iPhone,социальные сети,2019-09-23 19:07:44,2019-09-23 20:16:47,4142.999999737367,2019-09-23,9,1,20,,0.0,,0.0,Вечер,no,0.0
764,217435097004,Germany,iPhone,реклама у блогеров,2019-09-23 17:00:19,2019-09-23 17:12:04,704.9999994691461,2019-09-23,9,1,17,,0.0,,0.0,Вечер,no,0.0
765,268982905034,Germany,PC,контекстная реклама,2019-09-23 00:00:28,2019-09-23 00:38:33,2284.9999997997656,2019-09-23,9,1,0,,0.0,,0.0,Ночь,no,0.0
766,381002740639,United States,android,социальные сети,2019-09-23 04:14:10,2019-09-23 04:52:33,2303.0000002356246,2019-09-23,9,1,4,,0.0,,0.0,Ночь,no,0.0
767,446912322040,United States,android,organic,2019-09-23 21:08:24,2019-09-23 21:36:05,1660.999999777414,2019-09-23,9,1,21,,0.0,,0.0,Вечер,no,0.0
768,480283278411,United States,Mac,organic,2019-09-23 03:53:14,2019-09-23 04:02:17,542.9999999469146,2019-09-23,9,1,4,,0.0,,0.0,Ночь,no,0.0
769,625667236480,UК,PC,реклама у блогеров,2019-09-23 05:10:31,2019-09-23 05:33:44,1392.9999999934807,2019-09-23,9,1,5,,0.0,,0.0,Ночь,no,0.0
770,173055193804,United States,iPhone,organic,2019-09-23 13:19:17,2019-09-23 13:22:43,205.99999974947423,2019-09-23,9,1,13,2019-09-23 13:19:19,4999.0,Debit card,0.0,День,yes,4999.0
771,790578620804,United States,android,социальные сети,2019-09-23 19:30:13,2019-09-23 19:40:35,622.0000001834705,2019-09-23,9,1,19,,0.0,,0.0,Вечер,no,0.0
772,883347447082,United States,Mac,organic,2019-09-23 01:43:15,2019-09-23 03:04:29,4874.000000255182,2019-09-23,9,1,3,,0.0,,0.0,Ночь,no,0.0
773,893338786039,France,Mac,контекстная реклама,2019-09-23 14:26:44,2019-09-23 14:29:10,146.00000018253922,2019-09-23,9,1,14,,0.0,,0.0,День,no,0.0
774,25848519399,United States,Mac,organic,2019-09-24 02:34:28,2019-09-24 03:29:40,3311.999999731779,2019-09-24,9,2,3,,0.0,,0.0,Ночь,no,0.0
775,532157331491,United States,iPhone,социальные сети,2019-09-24 09:27:19,2019-09-24 09:45:29,1089.9999995715916,2019-09-24,9,2,9,,0.0,,0.0,Утро,no,0.0
776,735450415045,United States,android,organic,2019-09-24 08:01:31,2019-09-24 08:28:47,1635.9999995911494,2019-09-24,9,2,8,,0.0,,0.0,Утро,no,0.0
777,822956561489,France,android,контекстная реклама,2019-09-24 11:05:26,2019-09-24 11:20:26,900.0000004190952,2019-09-24,9,2,11,,0.0,,0.0,День,no,0.0
778,23637480477,United States,Mac,социальные сети,2019-09-25 08:57:36,2019-09-25 09:30:13,1956.9999998202547,2019-09-25,9,3,9,,0.0,,0.0,Утро,no,0.0
779,485525762735,Germany,Mac,контекстная реклама,2019-09-25 04:17:00,2019-09-25 04:30:52,832.0000002393499,2019-09-25,9,3,4,,0.0,,0.0,Ночь,no,0.0
780,618194172003,United States,iPhone,социальные сети,2019-09-25 09:30:16,2019-09-25 11:01:04,5447.999999905005,2019-09-25,9,3,11,,0.0,,0.0,День,no,0.0
781,138335680833,UК,PC,контекстная реклама,2019-09-25 12:16:57,2019-09-25 13:02:23,2725.999999791384,2019-09-25,9,3,13,2019-09-25 12:16:57,4999.0,Cash,0.0,День,yes,4999.0
782,219652870614,United States,PC,социальные сети,2019-09-25 07:49:50,2019-09-25 07:50:41,51.000000606291,2019-09-25,9,3,7,2019-09-25 07:49:50,4999.0,Credit card,0.0,Утро,yes,4999.0
783,345172487756,United States,iPhone,organic,2019-09-25 18:35:10,2019-09-25 19:06:12,1862.0000002440063,2019-09-25,9,3,19,2019-09-25 18:35:10,4999.0,E-wallet,1.0,Вечер,yes,4499.1
784,667880962781,United States,iPhone,organic,2019-09-25 17:26:11,2019-09-25 18:10:46,2675.000000442378,2019-09-25,9,3,18,2019-09-25 17:26:48,4999.0,Credit card,0.0,Вечер,yes,4999.0
785,219953526059,Germany,PC,реклама у блогеров,2019-09-26 16:20:11,2019-09-26 16:49:41,1770.0000001117587,2019-09-26,9,4,16,,0.0,,0.0,День,no,0.0
786,593724599918,Germany,PC,organic,2019-09-26 08:06:13,2019-09-26 08:26:14,1200.9999997448176,2019-09-26,9,4,8,,0.0,,0.0,Утро,no,0.0
787,773808879664,Germany,iPhone,контекстная реклама,2019-09-26 04:32:07,2019-09-26 04:39:37,449.9999995809048,2019-09-26,9,4,4,,0.0,,0.0,Ночь,no,0.0
788,775930184398,United States,android,organic,2019-09-26 03:43:21,2019-09-26 04:28:20,2698.999999766238,2019-09-26,9,4,4,,0.0,,0.0,Ночь,no,0.0
789,504071275938,Germany,iPhone,контекстная реклама,2019-09-26 01:07:13,2019-09-26 01:45:23,2290.0000003399327,2019-09-26,9,4,1,2019-09-26 01:07:13,4999.0,Mobile payments,0.0,Ночь,yes,4999.0
790,837694615384,France,PC,контекстная реклама,2019-09-26 14:23:31,2019-09-26 15:18:52,3320.9999999497086,2019-09-26,9,4,15,,0.0,,0.0,День,no,0.0
791,848193144919,United States,Mac,organic,2019-09-26 12:35:44,2019-09-26 12:38:27,162.99999975599349,2019-09-26,9,4,12,,0.0,,0.0,День,no,0.0
792,882913500507,France,android,реклама у блогеров,2019-09-26 18:09:47,2019-09-26 18:19:29,581.9999996339902,2019-09-26,9,4,18,,0.0,,0.0,Вечер,no,0.0
793,252867836525,United States,iPhone,социальные сети,2019-09-27 07:03:45,2019-09-27 07:13:46,600.9999996749684,2019-09-27,9,5,7,,0.0,,0.0,Утро,no,0.0
794,373352314279,United States,iPhone,organic,2019-09-27 17:22:12,2019-09-27 17:31:22,550.0000003259629,2019-09-27,9,5,17,,0.0,,0.0,Вечер,no,0.0
795,631274304028,UК,PC,контекстная реклама,2019-09-27 12:57:56,2019-09-27 13:02:06,249.9999999767169,2019-09-27,9,5,13,,0.0,,0.0,День,no,0.0
796,884899322841,United States,iPhone,organic,2019-09-27 12:52:47,2019-09-27 13:22:29,1782.0000004023314,2019-09-27,9,5,13,,0.0,,0.0,День,no,0.0
797,5917054453,France,android,контекстная реклама,2019-09-28 01:30:41,2019-09-28 01:50:23,1181.9999997038394,2019-09-28,9,6,1,,0.0,,0.0,Ночь,no,0.0
798,26695370783,United States,android,социальные сети,2019-09-28 23:10:27,2019-09-28 23:19:35,547.999999858439,2019-09-28,9,6,23,,0.0,,0.0,Ночь,no,0.0
799,151051511897,United States,iPhone,organic,2019-09-28 20:40:24,2019-09-28 20:49:13,529.0000004461035,2019-09-28,9,6,20,,0.0,,0.0,Вечер,no,0.0
800,262343502442,United States,android,organic,2019-09-28 17:03:33,2019-09-28 18:15:42,4329.000000469387,2019-09-28,9,6,18,,0.0,,0.0,Вечер,no,0.0
801,346620457038,France,android,email-рассылки,2019-09-28 08:37:13,2019-09-28 08:37:51,38.00000008195639,2019-09-28,9,6,8,,0.0,,0.0,Утро,no,0.0
802,350843772130,United States,iPhone,социальные сети,2019-09-28 05:43:37,2019-09-28 05:51:10,452.999999653548,2019-09-28,9,6,5,,0.0,,0.0,Ночь,no,0.0
803,418156011727,United States,android,социальные сети,2019-09-28 01:23:42,2019-09-28 01:31:39,476.99999960605055,2019-09-28,9,6,1,,0.0,,0.0,Ночь,no,0.0
804,617669056488,United States,iPhone,organic,2019-09-28 06:07:00,2019-09-28 06:36:51,1790.999999991618,2019-09-28,9,6,6,,0.0,,0.0,Утро,no,0.0
805,539994161352,United States,iPhone,organic,2019-09-28 18:15:44,2019-09-28 18:19:25,221.00000011269003,2019-09-28,9,6,18,2019-09-28 18:15:44,4999.0,Mobile payments,0.0,Вечер,yes,4999.0
806,579118570178,United States,Mac,социальные сети,2019-09-28 08:13:08,2019-09-28 08:17:08,239.9999995250255,2019-09-28,9,6,8,2019-09-28 08:13:10,4999.0,E-wallet,0.0,Утро,yes,4999.0
807,934361486397,Germany,Mac,organic,2019-09-28 04:30:13,2019-09-28 05:05:41,2128.0000001890585,2019-09-28,9,6,5,,0.0,,0.0,Ночь,no,0.0
808,62638231562,UК,Mac,контекстная реклама,2019-09-29 21:53:34,2019-09-29 22:31:24,2270.0000000651926,2019-09-29,9,7,22,,0.0,,0.0,Ночь,no,0.0
809,114517276415,UК,PC,реклама у блогеров,2019-09-29 09:26:29,2019-09-29 09:51:31,1502.0000003278255,2019-09-29,9,7,9,,0.0,,0.0,Утро,no,0.0
810,750150304596,United States,iPhone,organic,2019-09-29 21:25:55,2019-09-29 22:00:57,2101.999999769032,2019-09-29,9,7,22,,0.0,,0.0,Ночь,no,0.0
811,174554771433,United States,android,социальные сети,2019-09-29 05:59:07,2019-09-29 07:17:02,4674.999999627471,2019-09-29,9,7,7,2019-09-29 05:59:07,5999.0,Mobile payments,0.0,Утро,yes,5999.0
812,256956842454,United States,iPhone,социальные сети,2019-09-29 05:53:21,2019-09-29 06:24:31,1870.000000228174,2019-09-29,9,7,6,2019-09-29 05:53:21,4999.0,E-wallet,0.0,Утро,yes,4999.0
813,517696182112,United States,android,социальные сети,2019-09-29 05:15:31,2019-09-29 05:27:26,715.0000005494803,2019-09-29,9,7,5,2019-09-29 05:15:37,4999.0,Debit card,0.0,Ночь,yes,4999.0
814,825777074385,United States,iPhone,organic,2019-09-29 07:06:27,2019-09-29 07:43:04,2196.999999973923,2019-09-29,9,7,7,,0.0,,0.0,Утро,no,0.0
815,34582185810,United States,iPhone,organic,2019-09-30 03:13:11,2019-09-30 03:34:57,1305.9999997727573,2019-09-30,9,1,3,,0.0,,0.0,Ночь,no,0.0
816,103798064210,United States,iPhone,organic,2019-09-30 15:54:19,2019-09-30 16:16:12,1313.0000001518056,2019-09-30,9,1,16,,0.0,,0.0,День,no,0.0
817,200165093497,United States,PC,контекстная реклама,2019-09-30 06:18:24,2019-09-30 07:54:07,5743.000000342727,2019-09-30,9,1,7,,0.0,,0.0,Утро,no,0.0
818,225092951403,United States,android,organic,2019-09-30 20:46:24,2019-09-30 20:50:05,221.00000011269003,2019-09-30,9,1,20,,0.0,,0.0,Вечер,no,0.0
819,367565079809,United States,Mac,социальные сети,2019-09-30 09:42:34,2019-09-30 10:47:08,3874.000000348314,2019-09-30,9,1,10,,0.0,,0.0,День,no,0.0
820,413012748502,France,PC,контекстная реклама,2019-09-30 01:44:15,2019-09-30 01:58:17,842.0000000623986,2019-09-30,9,1,1,,0.0,,0.0,Ночь,no,0.0
821,715670345212,United States,iPhone,organic,2019-09-30 09:55:35,2019-09-30 10:40:07,2671.9999997410923,2019-09-30,9,1,10,,0.0,,0.0,День,no,0.0
822,748175054554,United States,Mac,organic,2019-09-30 17:30:15,2019-09-30 20:19:58,1217.9999999469146,2019-09-30,9,1,20,,0.0,,0.0,Вечер,no,0.0
823,547619050257,United States,PC,социальные сети,2019-09-30 18:33:48,2019-09-30 19:13:34,2386.000000149943,2019-09-30,9,1,19,2019-09-30 18:34:21,4999.0,Credit card,0.0,Вечер,yes,4999.0
824,835611884496,United States,android,organic,2019-09-30 02:35:40,2019-09-30 03:04:37,1736.999999941327,2019-09-30,9,1,3,,0.0,,0.0,Ночь,no,0.0
825,872133532888,United States,iPhone,контекстная реклама,2019-09-30 03:06:51,2019-09-30 03:31:06,1455.0000000279397,2019-09-30,9,1,3,,0.0,,0.0,Ночь,no,0.0
826,969045557195,United States,iPhone,organic,2019-09-30 03:33:20,2019-09-30 04:07:29,2048.9999999525025,2019-09-30,9,1,4,,0.0,,0.0,Ночь,no,0.0
827,4948320602,United States,Mac,социальные сети,2019-10-01 15:51:53,2019-10-01 16:04:37,764.0000000596046,2019-10-01,10,2,16,,0.0,,0.0,День,no,0.0
828,561058980772,United States,iPhone,organic,2019-10-01 02:05:03,2019-10-01 02:30:54,1550.99999983795,2019-10-01,10,2,2,,0.0,,0.0,Ночь,no,0.0
829,740232420393,United States,PC,социальные сети,2019-10-01 13:19:57,2019-10-01 13:29:46,589.0000000130385,2019-10-01,10,2,13,,0.0,,0.0,День,no,0.0
830,256250628623,France,PC,контекстная реклама,2019-10-01 08:14:13,2019-10-01 09:44:14,5401.000000233762,2019-10-01,10,2,9,2019-10-01 08:15:25,4999.0,Cash,1.0,Утро,yes,4499.1
831,651738057005,United States,android,социальные сети,2019-10-01 20:37:46,2019-10-01 21:02:22,1475.999999907799,2019-10-01,10,2,21,2019-10-01 20:38:10,4999.0,E-wallet,0.0,Вечер,yes,4999.0
832,935818532300,UК,android,email-рассылки,2019-10-01 20:46:47,2019-10-01 20:48:10,82.99999991431832,2019-10-01,10,2,20,,0.0,,0.0,Вечер,no,0.0
833,955897990305,United States,iPhone,organic,2019-10-01 06:45:33,2019-10-01 06:52:25,412.0000001275912,2019-10-01,10,2,6,,0.0,,0.0,Утро,no,0.0
834,979717422293,United States,PC,organic,2019-10-01 03:07:13,2019-10-01 03:35:44,1711.000000149943,2019-10-01,10,2,3,,0.0,,0.0,Ночь,no,0.0
835,662147029386,Germany,PC,контекстная реклама,2019-10-02 16:31:54,2019-10-02 17:06:01,2046.9999994849784,2019-10-02,10,3,17,,0.0,,0.0,Вечер,no,0.0
836,783500220652,UК,android,organic,2019-10-02 18:49:38,2019-10-02 19:04:07,868.9999994589016,2019-10-02,10,3,19,,0.0,,0.0,Вечер,no,0.0
837,596325918243,France,PC,контекстная реклама,2019-10-02 05:03:41,2019-10-02 05:42:36,2335.0000001722947,2019-10-02,10,3,5,2019-10-02 05:04:10,4999.0,Debit card,0.0,Ночь,yes,4999.0
838,903234733509,United States,iPhone,социальные сети,2019-10-02 11:41:08,2019-10-02 12:05:54,1485.9999997308478,2019-10-02,10,3,12,2019-10-02 11:41:21,4999.0,Cash,0.0,День,yes,4999.0
839,941386754330,United States,iPhone,социальные сети,2019-10-02 15:10:17,2019-10-02 15:52:03,2505.999999912456,2019-10-02,10,3,15,,0.0,,0.0,День,no,0.0
840,37430535080,UК,PC,контекстная реклама,2019-10-03 18:15:41,2019-10-03 19:31:41,4559.999999776483,2019-10-03,10,4,19,,0.0,,0.0,Вечер,no,0.0
841,89128232123,Germany,PC,organic,2019-10-03 07:21:54,2019-10-03 07:56:33,2079.0000000502914,2019-10-03,10,4,7,,0.0,,0.0,Утро,no,0.0
842,217118331871,United States,iPhone,социальные сети,2019-10-03 02:58:37,2019-10-03 03:03:13,275.9999997681007,2019-10-03,10,4,3,,0.0,,0.0,Ночь,no,0.0
843,302659666859,United States,android,organic,2019-10-03 17:11:25,2019-10-03 18:43:49,5543.999999715015,2019-10-03,10,4,18,,0.0,,0.0,Вечер,no,0.0
844,522967910514,United States,android,социальные сети,2019-10-03 14:00:15,2019-10-03 16:45:45,1217.9999999469146,2019-10-03,10,4,16,,0.0,,0.0,День,no,0.0
845,156135146679,United States,android,социальные сети,2019-10-03 12:33:55,2019-10-03 12:46:52,776.9999999552965,2019-10-03,10,4,12,2019-10-03 12:34:04,4999.0,Mobile payments,0.0,День,yes,4999.0
846,251137022506,United States,iPhone,социальные сети,2019-10-03 22:16:35,2019-10-03 22:24:16,461.0000002663583,2019-10-03,10,4,22,2019-10-03 22:16:39,4999.0,Mobile payments,0.0,Ночь,yes,4999.0
847,891643372776,Germany,android,реклама у блогеров,2019-10-03 21:34:56,2019-10-03 21:36:32,95.9999998100102,2019-10-03,10,4,21,,0.0,,0.0,Вечер,no,0.0
848,995528376031,United States,iPhone,organic,2019-10-03 14:55:22,2019-10-03 15:19:42,1459.999999939464,2019-10-03,10,4,15,,0.0,,0.0,День,no,0.0
849,252288412404,United States,Mac,organic,2019-10-04 13:00:11,2019-10-04 13:04:13,241.99999999254945,2019-10-04,10,5,13,,0.0,,0.0,День,no,0.0
850,375107385414,Germany,iPhone,organic,2019-10-04 06:41:12,2019-10-04 07:16:37,2125.000000116416,2019-10-04,10,5,7,,0.0,,0.0,Утро,no,0.0
851,718628954072,United States,android,социальные сети,2019-10-04 00:04:22,2019-10-04 00:37:16,1974.000000022352,2019-10-04,10,5,0,,0.0,,0.0,Ночь,no,0.0
852,835553721251,United States,iPhone,реклама у блогеров,2019-10-04 10:14:25,2019-10-04 10:57:58,2612.9999997792765,2019-10-04,10,5,10,,0.0,,0.0,День,no,0.0
853,835836357790,United States,iPhone,социальные сети,2019-10-04 05:28:10,2019-10-04 06:49:05,4855.000000214204,2019-10-04,10,5,6,,0.0,,0.0,Утро,no,0.0
854,77873855850,France,PC,реклама у блогеров,2019-10-04 21:03:46,2019-10-04 22:36:56,5589.999999781139,2019-10-04,10,5,22,2019-10-04 21:03:46,4999.0,Debit card,1.0,Ночь,yes,4499.1
855,170003247009,United States,Mac,социальные сети,2019-10-04 15:33:15,2019-10-04 15:34:21,66.00000034086406,2019-10-04,10,5,15,2019-10-04 15:33:15,4999.0,E-wallet,1.0,День,yes,4499.1
856,316333805014,United States,iPhone,социальные сети,2019-10-04 20:42:11,2019-10-04 21:25:52,2620.999999763444,2019-10-04,10,5,21,2019-10-04 20:42:11,4999.0,Mobile payments,1.0,Вечер,yes,4499.1
857,983625920206,United States,PC,социальные сети,2019-10-04 09:03:56,2019-10-04 09:44:27,2430.999999982305,2019-10-04,10,5,9,,0.0,,0.0,Утро,no,0.0
858,145550797768,Germany,PC,контекстная реклама,2019-10-05 12:50:03,2019-10-05 13:06:12,969.0000002039596,2019-10-05,10,6,13,,0.0,,0.0,День,no,0.0
859,191674558866,UК,PC,контекстная реклама,2019-10-05 19:54:50,2019-10-05 20:05:03,612.9999999655411,2019-10-05,10,6,20,,0.0,,0.0,Вечер,no,0.0
860,375864341285,United States,iPhone,социальные сети,2019-10-05 16:59:00,2019-10-05 17:08:44,584.0000001015142,2019-10-05,10,6,17,,0.0,,0.0,Вечер,no,0.0
861,670622949535,United States,Mac,organic,2019-10-05 11:10:50,2019-10-05 11:21:27,636.9999999180436,2019-10-05,10,6,11,,0.0,,0.0,День,no,0.0
862,736121340682,United States,Mac,organic,2019-10-05 09:19:34,2019-10-05 09:39:44,1210.0000005913898,2019-10-05,10,6,9,,0.0,,0.0,Утро,no,0.0
863,773682741742,United States,iPhone,organic,2019-10-05 06:49:21,2019-10-05 06:56:01,399.99999983701855,2019-10-05,10,6,6,,0.0,,0.0,Утро,no,0.0
864,822807920825,UК,PC,email-рассылки,2019-10-05 08:01:41,2019-10-05 08:18:01,980.0000002607704,2019-10-05,10,6,8,,0.0,,0.0,Утро,no,0.0
865,825998445466,United States,android,социальные сети,2019-10-05 22:50:41,2019-10-05 22:59:31,529.99999942258,2019-10-05,10,6,22,,0.0,,0.0,Ночь,no,0.0
866,95305718628,UК,Mac,контекстная реклама,2019-10-05 20:54:22,2019-10-05 21:08:47,864.9999997811392,2019-10-05,10,6,21,2019-10-05 20:54:22,5999.0,E-wallet,1.0,Вечер,yes,5399.1
867,170929938217,United States,PC,контекстная реклама,2019-10-05 02:43:28,2019-10-05 03:24:28,2459.999999846332,2019-10-05,10,6,3,2019-10-05 02:43:59,4999.0,Cash,1.0,Ночь,yes,4499.1
868,192690734476,United States,Mac,контекстная реклама,2019-10-05 10:00:48,2019-10-05 10:55:45,3296.999999997206,2019-10-05,10,6,10,2019-10-05 10:01:27,4999.0,Debit card,1.0,День,yes,4499.1
869,897609857137,United States,iPhone,социальные сети,2019-10-05 20:59:36,2019-10-05 21:12:08,751.999999769032,2019-10-05,10,6,21,,0.0,,0.0,Вечер,no,0.0
870,713295939410,United States,iPhone,социальные сети,2019-10-06 21:56:22,2019-10-06 23:20:40,5058.000000519678,2019-10-06,10,7,23,,0.0,,0.0,Ночь,no,0.0
871,979845138214,United States,iPhone,социальные сети,2019-10-06 19:12:04,2019-10-06 19:12:05,1.0000002337619662,2019-10-06,10,7,19,,0.0,,0.0,Вечер,no,0.0
872,703856287251,United States,iPhone,социальные сети,2019-10-07 04:25:38,2019-10-07 04:33:08,450.0000002095476,2019-10-07,10,1,4,,0.0,,0.0,Ночь,no,0.0
873,895039282240,United States,iPhone,organic,2019-10-07 23:48:13,2019-10-08 00:48:30,3616.999999992549,2019-10-07,10,1,0,,0.0,,0.0,Ночь,no,0.0
874,379758177893,United States,PC,социальные сети,2019-10-08 16:16:46,2019-10-08 16:25:18,512.0000002440065,2019-10-08,10,2,16,,0.0,,0.0,День,no,0.0
875,508444539015,UК,PC,контекстная реклама,2019-10-08 06:17:39,2019-10-08 06:53:00,2121.000000438653,2019-10-08,10,2,6,,0.0,,0.0,Утро,no,0.0
876,671284613662,United States,iPhone,organic,2019-10-08 11:16:15,2019-10-08 11:17:37,82.0000003091991,2019-10-08,10,2,11,,0.0,,0.0,День,no,0.0
877,614186616862,United States,android,социальные сети,2019-10-08 23:08:54,2019-10-08 23:37:32,1717.9999999003485,2019-10-08,10,2,23,2019-10-08 23:09:17,4999.0,Debit card,0.0,Ночь,yes,4999.0
878,863204028969,UК,iPhone,organic,2019-10-08 05:37:05,2019-10-08 08:17:27,1217.9999999469146,2019-10-08,10,2,8,2019-10-08 05:37:05,5999.0,Credit card,0.0,Утро,yes,5999.0
879,974065530755,France,android,контекстная реклама,2019-10-08 23:41:49,2019-10-09 00:34:39,3169.999999855645,2019-10-08,10,2,0,,0.0,,0.0,Ночь,no,0.0
880,400869711032,United States,PC,organic,2019-10-09 14:46:36,2019-10-09 15:38:32,3115.9999998053536,2019-10-09,10,3,15,,0.0,,0.0,День,no,0.0
881,487404654687,United States,iPhone,реклама у блогеров,2019-10-09 09:20:16,2019-10-09 09:58:12,2275.999999581836,2019-10-09,10,3,9,,0.0,,0.0,Утро,no,0.0
882,585675224916,United States,iPhone,социальные сети,2019-10-09 07:51:09,2019-10-09 07:58:03,413.9999999664724,2019-10-09,10,3,7,,0.0,,0.0,Утро,no,0.0
883,81460313310,United States,iPhone,социальные сети,2019-10-09 00:39:51,2019-10-09 00:52:41,770.000000204891,2019-10-09,10,3,0,2019-10-09 00:39:51,5999.0,Credit card,0.0,Ночь,yes,5999.0
884,405468521145,United States,Mac,социальные сети,2019-10-09 03:30:43,2019-10-09 03:33:45,181.99999979697168,2019-10-09,10,3,3,2019-10-09 03:30:43,5999.0,E-wallet,0.0,Ночь,yes,5999.0
885,478534951060,United States,iPhone,социальные сети,2019-10-10 06:25:35,2019-10-10 06:50:59,1524.000000441447,2019-10-10,10,4,6,,0.0,,0.0,Утро,no,0.0
886,643041874896,United States,PC,социальные сети,2019-10-10 09:20:19,2019-10-10 09:21:48,89.00000005960464,2019-10-10,10,4,9,,0.0,,0.0,Утро,no,0.0
887,739754071610,United States,android,социальные сети,2019-10-10 22:31:13,2019-10-10 22:38:15,421.9999999506399,2019-10-10,10,4,22,,0.0,,0.0,Ночь,no,0.0
888,811050249928,United States,Mac,социальные сети,2019-10-10 06:00:39,2019-10-10 06:01:23,44.00000022724271,2019-10-10,10,4,6,2019-10-10 06:00:39,4999.0,E-wallet,0.0,Утро,yes,4999.0
889,938693690557,France,android,реклама у блогеров,2019-10-10 13:17:39,2019-10-10 13:23:33,353.99999977089465,2019-10-10,10,4,13,2019-10-10 13:17:39,5999.0,Cash,0.0,День,yes,5999.0
890,946306191692,United States,iPhone,социальные сети,2019-10-10 00:52:22,2019-10-10 01:21:39,1756.999999587424,2019-10-10,10,4,1,2019-10-10 00:52:22,4999.0,Mobile payments,0.0,Ночь,yes,4999.0
891,109768171306,UК,PC,контекстная реклама,2019-10-11 05:24:09,2019-10-11 06:56:45,5556.000000005588,2019-10-11,10,5,6,,0.0,,0.0,Утро,no,0.0
892,502683196363,United States,iPhone,organic,2019-10-11 15:44:48,2019-10-11 16:22:28,2260.000000242144,2019-10-11,10,5,16,,0.0,,0.0,День,no,0.0
893,651975929122,United States,Mac,organic,2019-10-11 21:22:17,2019-10-11 22:35:19,4381.999999657273,2019-10-11,10,5,22,,0.0,,0.0,Ночь,no,0.0
894,727327163216,United States,android,социальные сети,2019-10-11 07:58:43,2019-10-11 08:01:46,183.00000003073364,2019-10-11,10,5,8,,0.0,,0.0,Утро,no,0.0
895,293374677710,United States,Mac,organic,2019-10-11 03:45:50,2019-10-11 04:04:45,1135.0000000325963,2019-10-11,10,5,4,2019-10-11 03:45:50,5999.0,Cash,1.0,Ночь,yes,5399.1
896,159403379640,France,iPhone,контекстная реклама,2019-10-12 22:53:03,2019-10-12 23:18:22,1518.9999999012798,2019-10-12,10,6,23,,0.0,,0.0,Ночь,no,0.0
897,435829349225,France,android,organic,2019-10-12 06:55:41,2019-10-12 07:01:52,370.9999999729917,2019-10-12,10,6,7,,0.0,,0.0,Утро,no,0.0
898,285912083227,United States,iPhone,социальные сети,2019-10-12 04:15:30,2019-10-12 06:08:47,6796.999999671243,2019-10-12,10,6,6,2019-10-12 04:16:38,4999.0,Debit card,1.0,Утро,yes,4499.1
899,586433151593,United States,Mac,социальные сети,2019-10-12 20:14:38,2019-10-12 20:22:26,468.0000000167638,2019-10-12,10,6,20,2019-10-12 20:14:43,4999.0,Mobile payments,0.0,Вечер,yes,4999.0
900,955037518819,United States,PC,социальные сети,2019-10-12 13:27:29,2019-10-12 13:30:52,203.0000003054738,2019-10-12,10,6,13,,0.0,,0.0,День,no,0.0
901,93924893210,United States,android,organic,2019-10-13 07:19:06,2019-10-13 07:37:54,1128.0000002821907,2019-10-13,10,7,7,,0.0,,0.0,Утро,no,0.0
902,214612402970,United States,android,социальные сети,2019-10-13 11:26:46,2019-10-13 11:45:02,1096.000000345521,2019-10-13,10,7,11,,0.0,,0.0,День,no,0.0
903,297853589230,UК,android,organic,2019-10-13 23:51:32,2019-10-14 00:16:46,1513.9999999897557,2019-10-13,10,7,0,,0.0,,0.0,Ночь,no,0.0
904,374469951485,United States,iPhone,социальные сети,2019-10-13 03:49:54,2019-10-13 04:24:59,2104.999999841675,2019-10-13,10,7,4,,0.0,,0.0,Ночь,no,0.0
905,474158581289,United States,Mac,organic,2019-10-13 13:45:41,2019-10-13 14:02:46,1025.0000000931325,2019-10-13,10,7,14,,0.0,,0.0,День,no,0.0
906,489401378789,United States,PC,социальные сети,2019-10-13 21:15:43,2019-10-13 21:37:31,1308.0000002402812,2019-10-13,10,7,21,,0.0,,0.0,Вечер,no,0.0
907,612887265656,United States,Mac,социальные сети,2019-10-13 14:40:30,2019-10-13 15:17:42,2231.999999983236,2019-10-13,10,7,15,,0.0,,0.0,День,no,0.0
908,656876036120,United States,Mac,социальные сети,2019-10-13 05:26:10,2019-10-13 06:01:24,2114.0000000596046,2019-10-13,10,7,6,,0.0,,0.0,Утро,no,0.0
909,732948267920,France,PC,email-рассылки,2019-10-13 08:22:15,2019-10-13 10:35:30,7994.99999997206,2019-10-13,10,7,10,,0.0,,0.0,День,no,0.0
910,634503344070,United States,Mac,социальные сети,2019-10-13 21:09:26,2019-10-13 21:46:53,2246.9999997178093,2019-10-13,10,7,21,2019-10-13 21:10:00,4999.0,Credit card,0.0,Вечер,yes,4999.0
911,911436302604,United States,Mac,organic,2019-10-13 06:22:11,2019-10-13 08:30:48,7716.999999736436,2019-10-13,10,7,8,,0.0,,0.0,Утро,no,0.0
912,6021235111,United States,iPhone,organic,2019-10-14 06:33:29,2019-10-14 06:35:29,119.99999976251274,2019-10-14,10,1,6,,0.0,,0.0,Утро,no,0.0
913,46027274618,United States,iPhone,реклама у блогеров,2019-10-14 08:08:54,2019-10-14 09:06:41,3467.000000132248,2019-10-14,10,1,9,,0.0,,0.0,Утро,no,0.0
914,149693753331,United States,iPhone,социальные сети,2019-10-14 12:20:37,2019-10-14 13:06:03,2725.999999791384,2019-10-14,10,1,13,,0.0,,0.0,День,no,0.0
915,207490849797,United States,Mac,социальные сети,2019-10-14 05:57:29,2019-10-14 06:40:34,2585.000000149012,2019-10-14,10,1,6,,0.0,,0.0,Утро,no,0.0
916,210746763696,United States,Mac,социальные сети,2019-10-14 21:11:10,2019-10-14 21:59:28,2897.9999997653067,2019-10-14,10,1,21,,0.0,,0.0,Вечер,no,0.0
917,871718429888,United States,Mac,социальные сети,2019-10-14 12:36:36,2019-10-14 12:42:58,382.0000000298023,2019-10-14,10,1,12,,0.0,,0.0,День,no,0.0
918,375373200590,Germany,iPhone,контекстная реклама,2019-10-14 21:06:34,2019-10-14 21:59:42,3188.000000291504,2019-10-14,10,1,21,2019-10-14 21:07:15,4999.0,Mobile payments,0.0,Вечер,yes,4999.0
919,588753093018,UК,PC,контекстная реклама,2019-10-14 00:25:46,2019-10-14 01:02:28,2201.999999885448,2019-10-14,10,1,1,2019-10-14 00:25:46,4999.0,E-wallet,0.0,Ночь,yes,4999.0
920,154697844160,France,PC,organic,2019-10-15 04:43:45,2019-10-15 05:01:21,1056.000000424683,2019-10-15,10,2,5,,0.0,,0.0,Ночь,no,0.0
921,155803787707,United States,iPhone,реклама у блогеров,2019-10-15 14:17:26,2019-10-15 14:28:51,684.9999998230487,2019-10-15,10,2,14,,0.0,,0.0,День,no,0.0
922,461338487253,United States,iPhone,реклама у блогеров,2019-10-15 13:47:59,2019-10-15 14:33:36,2736.9999998481944,2019-10-15,10,2,14,,0.0,,0.0,День,no,0.0
923,527643973131,Germany,PC,реклама у блогеров,2019-10-15 01:38:08,2019-10-15 01:47:08,539.9999998742715,2019-10-15,10,2,1,,0.0,,0.0,Ночь,no,0.0
924,556875809881,United States,android,социальные сети,2019-10-15 01:55:29,2019-10-15 02:21:09,1540.000000409782,2019-10-15,10,2,2,,0.0,,0.0,Ночь,no,0.0
925,634503344070,United States,Mac,социальные сети,2019-10-15 06:27:21,2019-10-15 06:59:43,1942.0000000856817,2019-10-15,10,2,6,,0.0,,0.0,Утро,no,0.0
926,862605845012,United States,android,контекстная реклама,2019-10-15 23:12:49,2019-10-16 00:45:33,5563.999999989755,2019-10-15,10,2,0,,0.0,,0.0,Ночь,no,0.0
927,138865057510,United States,PC,organic,2019-10-16 06:54:02,2019-10-16 08:08:40,4478.000000095926,2019-10-16,10,3,8,,0.0,,0.0,Утро,no,0.0
928,366725766830,United States,iPhone,социальные сети,2019-10-16 10:38:53,2019-10-16 10:57:42,1128.99999988731,2019-10-16,10,3,10,,0.0,,0.0,День,no,0.0
929,493576554398,United States,Mac,социальные сети,2019-10-16 19:58:46,2019-10-16 20:26:01,1634.9999999860302,2019-10-16,10,3,20,,0.0,,0.0,Вечер,no,0.0
930,759845816404,United States,PC,социальные сети,2019-10-16 04:40:45,2019-10-16 06:07:40,5215.000000130385,2019-10-16,10,3,6,2019-10-16 04:40:45,4999.0,Mobile payments,0.0,Утро,yes,4999.0
931,938840976381,United States,android,социальные сети,2019-10-16 05:46:48,2019-10-16 07:26:06,5957.999999681488,2019-10-16,10,3,7,2019-10-16 05:46:48,4999.0,Mobile payments,0.0,Утро,yes,4999.0
932,123414915650,United States,iPhone,социальные сети,2019-10-17 17:11:16,2019-10-17 17:54:50,2614.0000000130385,2019-10-17,10,4,17,,0.0,,0.0,Вечер,no,0.0
933,311397189966,United States,Mac,organic,2019-10-17 03:25:19,2019-10-17 03:35:23,604.0000003762543,2019-10-17,10,4,3,,0.0,,0.0,Ночь,no,0.0
934,412218594844,United States,Mac,социальные сети,2019-10-17 13:28:13,2019-10-17 14:41:31,4397.999999625608,2019-10-17,10,4,14,,0.0,,0.0,День,no,0.0
935,825998445466,United States,android,социальные сети,2019-10-17 12:36:00,2019-10-17 13:50:41,4481.000000168569,2019-10-17,10,4,13,,0.0,,0.0,День,no,0.0
936,879357874122,France,android,реклама у блогеров,2019-10-17 16:16:37,2019-10-17 16:49:42,1984.99999945052,2019-10-17,10,4,16,,0.0,,0.0,День,no,0.0
937,158410647644,United States,Mac,organic,2019-10-18 11:06:19,2019-10-18 11:12:06,347.0000000204891,2019-10-18,10,5,11,,0.0,,0.0,День,no,0.0
938,716803880331,United States,PC,социальные сети,2019-10-18 15:17:54,2019-10-18 15:19:45,110.99999954458326,2019-10-18,10,5,15,,0.0,,0.0,День,no,0.0
939,843880513093,United States,Mac,социальные сети,2019-10-18 01:36:29,2019-10-18 01:43:43,434.00000024121255,2019-10-18,10,5,1,,0.0,,0.0,Ночь,no,0.0
940,558073324483,United States,android,organic,2019-10-18 22:34:34,2019-10-18 22:38:39,245.00000006519255,2019-10-18,10,5,22,2019-10-18 22:34:36,4999.0,E-wallet,0.0,Ночь,yes,4999.0
941,791136919447,United States,iPhone,социальные сети,2019-10-18 00:13:42,2019-10-18 00:35:26,1303.999999933876,2019-10-18,10,5,0,2019-10-18 00:14:01,4999.0,Debit card,0.0,Ночь,yes,4999.0
942,760525881239,United States,iPhone,социальные сети,2019-10-19 23:42:56,2019-10-19 23:57:28,872.0000001601875,2019-10-19,10,6,23,,0.0,,0.0,Ночь,no,0.0
943,784732101026,United States,android,социальные сети,2019-10-19 00:16:06,2019-10-19 00:39:23,1396.9999996712431,2019-10-19,10,6,0,,0.0,,0.0,Ночь,no,0.0
944,791159415898,United States,android,organic,2019-10-19 23:49:51,2019-10-20 00:00:24,633.0000002402812,2019-10-19,10,6,0,,0.0,,0.0,Ночь,no,0.0
945,34667502080,United States,iPhone,социальные сети,2019-10-20 00:14:46,2019-10-20 01:20:58,3971.999999997206,2019-10-20,10,7,1,,0.0,,0.0,Ночь,no,0.0
946,343376400350,United States,android,социальные сети,2019-10-20 07:00:18,2019-10-20 07:28:49,1710.9999995213002,2019-10-20,10,7,7,,0.0,,0.0,Утро,no,0.0
947,673773883004,United States,iPhone,социальные сети,2019-10-20 13:21:56,2019-10-20 13:32:50,654.0000001201406,2019-10-20,10,7,13,,0.0,,0.0,День,no,0.0
948,760295456983,United States,Mac,социальные сети,2019-10-20 03:57:55,2019-10-20 04:15:43,1068.000000086613,2019-10-20,10,7,4,,0.0,,0.0,Ночь,no,0.0
949,856222488445,United States,PC,organic,2019-10-20 21:52:04,2019-10-20 21:52:24,20.00000027474016,2019-10-20,10,7,21,,0.0,,0.0,Вечер,no,0.0
950,859213827424,United States,iPhone,реклама у блогеров,2019-10-20 13:46:50,2019-10-20 14:03:22,992.000000551343,2019-10-20,10,7,14,,0.0,,0.0,День,no,0.0
951,890954529588,United States,Mac,социальные сети,2019-10-20 23:12:52,2019-10-20 23:13:30,37.99999945331365,2019-10-20,10,7,23,,0.0,,0.0,Ночь,no,0.0
952,653149029363,United States,iPhone,социальные сети,2019-10-20 00:31:10,2019-10-20 00:32:48,97.9999996488914,2019-10-20,10,7,0,2019-10-20 00:31:10,4999.0,Credit card,0.0,Ночь,yes,4999.0
953,257064085435,France,android,контекстная реклама,2019-10-21 23:42:01,2019-10-22 00:01:31,1170.0000000419095,2019-10-21,10,1,0,,0.0,,0.0,Ночь,no,0.0
954,473201564789,UК,PC,organic,2019-10-21 17:25:09,2019-10-21 17:37:26,736.9999994058162,2019-10-21,10,1,17,,0.0,,0.0,Вечер,no,0.0
955,758331678506,United States,Mac,organic,2019-10-21 03:35:53,2019-10-21 03:40:20,267.00000017881393,2019-10-21,10,1,3,,0.0,,0.0,Ночь,no,0.0
956,827101913137,France,PC,контекстная реклама,2019-10-21 13:34:23,2019-10-21 13:43:01,518.0000003892928,2019-10-21,10,1,13,,0.0,,0.0,День,no,0.0
957,915476304610,United States,iPhone,социальные сети,2019-10-21 04:31:02,2019-10-21 05:33:12,3730.0000000046566,2019-10-21,10,1,5,,0.0,,0.0,Ночь,no,0.0
958,48976298946,Germany,android,контекстная реклама,2019-10-22 13:56:54,2019-10-22 14:06:29,574.9999998835847,2019-10-22,10,2,14,,0.0,,0.0,День,no,0.0
959,572022454448,UК,iPhone,контекстная реклама,2019-10-22 09:34:24,2019-10-22 09:50:39,975.000000349246,2019-10-22,10,2,9,,0.0,,0.0,Утро,no,0.0
960,262231696317,United States,Mac,социальные сети,2019-10-22 14:44:02,2019-10-22 16:02:29,4707.000000192784,2019-10-22,10,2,16,2019-10-22 14:45:16,4999.0,E-wallet,0.0,День,yes,4999.0
961,343139015907,United States,Mac,organic,2019-10-22 13:51:37,2019-10-22 15:42:39,6661.999999545515,2019-10-22,10,2,15,2019-10-22 13:52:49,4999.0,Credit card,0.0,День,yes,4999.0
962,172906722462,UК,PC,реклама у блогеров,2019-10-23 07:43:59,2019-10-23 08:20:32,2193.0000002961606,2019-10-23,10,3,8,,0.0,,0.0,Утро,no,0.0
963,452739970627,United States,iPhone,социальные сети,2019-10-23 08:01:47,2019-10-23 08:23:15,1287.999999965541,2019-10-23,10,3,8,,0.0,,0.0,Утро,no,0.0
964,610454945491,UК,PC,контекстная реклама,2019-10-23 07:48:09,2019-10-23 09:41:12,6783.000000170432,2019-10-23,10,3,9,,0.0,,0.0,Утро,no,0.0
965,709249003234,United States,iPhone,социальные сети,2019-10-23 18:38:50,2019-10-23 19:07:00,1689.9999996414408,2019-10-23,10,3,19,,0.0,,0.0,Вечер,no,0.0
966,864087913181,Germany,PC,контекстная реклама,2019-10-23 02:20:39,2019-10-23 04:41:07,8427.99999997951,2019-10-23,10,3,4,,0.0,,0.0,Ночь,no,0.0
967,927614741336,United States,android,organic,2019-10-23 13:45:38,2019-10-23 15:55:47,7808.9999998686835,2019-10-23,10,3,15,,0.0,,0.0,День,no,0.0
968,346586912241,UК,PC,контекстная реклама,2019-10-24 07:34:20,2019-10-24 07:49:46,926.0000002104788,2019-10-24,10,4,7,,0.0,,0.0,Утро,no,0.0
969,696153475179,France,iPhone,контекстная реклама,2019-10-24 03:10:11,2019-10-24 03:19:31,560.0000001490116,2019-10-24,10,4,3,,0.0,,0.0,Ночь,no,0.0
970,727232316083,France,iPhone,organic,2019-10-24 08:00:37,2019-10-24 08:30:28,1790.999999991618,2019-10-24,10,4,8,,0.0,,0.0,Утро,no,0.0
971,889657310619,UК,iPhone,organic,2019-10-24 13:56:51,2019-10-24 14:08:19,687.9999998956919,2019-10-24,10,4,14,,0.0,,0.0,День,no,0.0
972,512255245017,UК,iPhone,реклама у блогеров,2019-10-24 02:23:36,2019-10-24 02:35:57,741.0000003408641,2019-10-24,10,4,2,2019-10-24 02:23:44,4999.0,Mobile payments,0.0,Ночь,yes,4999.0
973,975184805628,France,PC,реклама у блогеров,2019-10-24 22:30:31,2019-10-24 22:37:34,423.0000001844018,2019-10-24,10,4,22,2019-10-24 22:30:34,4999.0,Debit card,0.0,Ночь,yes,4999.0
974,241119616332,United States,iPhone,социальные сети,2019-10-25 19:19:48,2019-10-25 20:02:18,2549.999999511056,2019-10-25,10,5,20,,0.0,,0.0,Вечер,no,0.0
975,312661938665,United States,android,социальные сети,2019-10-25 21:04:11,2019-10-25 22:19:18,4506.999999959953,2019-10-25,10,5,22,,0.0,,0.0,Ночь,no,0.0
976,841619560064,France,iPhone,контекстная реклама,2019-10-25 06:44:54,2019-10-25 08:12:28,5254.000000446104,2019-10-25,10,5,8,,0.0,,0.0,Утро,no,0.0
977,852009700815,UК,iPhone,реклама у блогеров,2019-10-25 20:31:39,2019-10-25 20:45:25,825.9999994654208,2019-10-25,10,5,20,,0.0,,0.0,Вечер,no,0.0
978,783819746958,United States,iPhone,социальные сети,2019-10-25 01:59:55,2019-10-25 02:09:41,585.9999999403954,2019-10-25,10,5,2,2019-10-25 02:00:01,4999.0,Mobile payments,0.0,Ночь,yes,4999.0
979,837444353974,United States,Mac,organic,2019-10-25 16:57:25,2019-10-25 17:10:53,808.0000002868474,2019-10-25,10,5,17,2019-10-25 16:57:31,4999.0,E-wallet,0.0,Вечер,yes,4999.0
980,968196167602,United States,Mac,социальные сети,2019-10-25 09:23:39,2019-10-25 09:23:42,3.000000072643161,2019-10-25,10,5,9,2019-10-25 09:23:39,4999.0,Mobile payments,0.0,Утро,yes,4999.0
981,59085510728,United States,android,organic,2019-10-26 10:13:06,2019-10-26 10:35:06,1319.9999999022111,2019-10-26,10,6,10,,0.0,,0.0,День,no,0.0
982,79899100367,France,iPhone,контекстная реклама,2019-10-26 05:15:54,2019-10-26 05:24:39,525.0000001396984,2019-10-26,10,6,5,,0.0,,0.0,Ночь,no,0.0
983,108300035792,United States,Mac,organic,2019-10-26 04:49:53,2019-10-26 04:52:14,141.00000027101487,2019-10-26,10,6,4,,0.0,,0.0,Ночь,no,0.0
984,420283615709,France,Mac,organic,2019-10-26 10:03:53,2019-10-26 10:59:48,3354.99999972526,2019-10-26,10,6,10,,0.0,,0.0,День,no,0.0
985,568317748233,United States,android,organic,2019-10-26 05:30:19,2019-10-26 05:54:42,1463.0000000121072,2019-10-26,10,6,5,,0.0,,0.0,Ночь,no,0.0
986,568836963534,United States,android,реклама у блогеров,2019-10-26 10:49:20,2019-10-26 11:19:43,1822.999999928288,2019-10-26,10,6,11,,0.0,,0.0,День,no,0.0
987,692528345045,United States,PC,социальные сети,2019-10-26 03:34:25,2019-10-26 04:35:37,3672.000000276603,2019-10-26,10,6,4,2019-10-26 03:34:25,5999.0,E-wallet,0.0,Ночь,yes,5999.0
988,716950671049,UК,PC,organic,2019-10-26 18:26:20,2019-10-26 18:38:46,746.0000002523884,2019-10-26,10,6,18,2019-10-26 18:26:20,5999.0,E-wallet,0.0,Вечер,yes,5999.0
989,188671968670,Germany,android,реклама у блогеров,2019-10-27 21:39:33,2019-10-27 21:53:03,809.9999994970858,2019-10-27,10,7,21,,0.0,,0.0,Вечер,no,0.0
990,350801789831,United States,iPhone,социальные сети,2019-10-27 19:17:40,2019-10-27 19:30:55,795.0000003911555,2019-10-27,10,7,19,,0.0,,0.0,Вечер,no,0.0
991,408785719215,United States,Mac,социальные сети,2019-10-27 19:07:25,2019-10-27 19:10:40,194.99999969266355,2019-10-27,10,7,19,,0.0,,0.0,Вечер,no,0.0
992,812137373800,Germany,android,email-рассылки,2019-10-27 06:47:27,2019-10-27 08:31:01,6214.000000432134,2019-10-27,10,7,8,,0.0,,0.0,Утро,no,0.0
993,848568614332,United States,iPhone,социальные сети,2019-10-27 11:37:29,2019-10-27 11:55:59,1110.0000004749745,2019-10-27,10,7,11,,0.0,,0.0,День,no,0.0
994,926940584598,United States,iPhone,социальные сети,2019-10-27 07:49:45,2019-10-27 08:15:40,1555.000000144355,2019-10-27,10,7,8,,0.0,,0.0,Утро,no,0.0
995,941245519601,United States,iPhone,социальные сети,2019-10-27 17:45:29,2019-10-27 17:49:28,238.99999991990623,2019-10-27,10,7,17,,0.0,,0.0,Вечер,no,0.0
996,949321471294,United States,iPhone,социальные сети,2019-10-27 23:13:46,2019-10-27 23:28:32,885.9999996609986,2019-10-27,10,7,23,,0.0,,0.0,Ночь,no,0.0
997,436520199301,France,android,email-рассылки,2019-10-27 18:49:48,2019-10-27 19:00:11,622.9999997885898,2019-10-27,10,7,19,2019-10-27 18:49:48,5999.0,E-wallet,0.0,Вечер,yes,5999.0
998,509941567232,UК,PC,organic,2019-10-27 02:01:54,2019-10-27 03:20:05,4691.000000224449,2019-10-27,10,7,3,2019-10-27 02:01:54,4999.0,Mobile payments,0.0,Ночь,yes,4999.0
999,595664983674,UК,android,email-рассылки,2019-10-27 12:01:01,2019-10-27 12:06:15,314.0000004786998,2019-10-27,10,7,12,2019-10-27 12:01:01,4999.0,Mobile payments,0.0,День,yes,4999.0
1000,903375623800,Germany,PC,контекстная реклама,2019-10-27 06:11:15,2019-10-27 06:48:03,2208.0000000307336,2019-10-27,10,7,6,2019-10-27 06:11:15,4999.0,Debit card,0.0,Утро,yes,4999.0
1001,917285763144,United States,iPhone,социальные сети,2019-10-27 17:05:01,2019-10-27 17:09:33,272.0000000903383,2019-10-27,10,7,17,2019-10-27 17:05:05,4999.0,Mobile payments,0.0,Вечер,yes,4999.0
1002,389535082200,United States,Mac,социальные сети,2019-10-28 10:55:49,2019-10-28 11:16:17,1227.999999769963,2019-10-28,10,1,11,,0.0,,0.0,День,no,0.0
1003,762700938107,United States,android,социальные сети,2019-10-28 12:49:46,2019-10-28 13:09:19,1172.99999948591,2019-10-28,10,1,13,,0.0,,0.0,День,no,0.0
1004,881635926757,United States,Mac,социальные сети,2019-10-28 10:48:43,2019-10-28 11:53:25,3882.000000332482,2019-10-28,10,1,11,,0.0,,0.0,День,no,0.0
1005,323207942235,United States,PC,социальные сети,2019-10-28 15:20:25,2019-10-28 15:54:52,2067.000000388361,2019-10-28,10,1,15,2019-10-28 15:20:42,4999.0,Cash,1.0,День,yes,4499.1
1006,347665115829,United States,Mac,социальные сети,2019-10-28 03:20:26,2019-10-28 03:32:52,746.0000002523884,2019-10-28,10,1,3,2019-10-28 03:20:38,4999.0,E-wallet,0.0,Ночь,yes,4999.0
1007,246163171672,United States,iPhone,социальные сети,2019-10-29 18:12:24,2019-10-29 18:13:39,74.9999999301508,2019-10-29,10,2,18,,0.0,,0.0,Вечер,no,0.0
1008,660140862425,Germany,android,реклама у блогеров,2019-10-30 19:14:02,2019-10-30 19:46:19,1937.000000174157,2019-10-30,10,3,19,,0.0,,0.0,Вечер,no,0.0
1009,898253063062,France,iPhone,organic,2019-10-30 03:18:22,2019-10-30 04:43:35,5113.000000175089,2019-10-30,10,3,4,,0.0,,0.0,Ночь,no,0.0
1010,780224321316,United States,iPhone,социальные сети,2019-10-31 22:56:17,2019-10-31 23:42:27,2770.0000000186265,2019-10-31,10,4,23,,0.0,,0.0,Ночь,no,0.0
1011,660481970221,United States,android,organic,2019-10-31 16:05:38,2019-10-31 16:07:26,107.9999994719401,2019-10-31,10,4,16,2019-10-31 16:05:38,4999.0,Cash,0.0,День,yes,4999.0
